,land,tool,name_land,tlmPerSec,charge_time_land,mining_multiplier,name_tool,mining_power,charge_time_tool,price,price_USDT,charge_time,total_mining,trans,cpu,wax_stake_peracc,wax_total_cost_peracc,tlm_peracc_daily,wax_peracc_daily,accounts,accounts_score,wax_gross_daily,wax_gross_monthly,wax_fixed_cost_monthly,wax_net_monthly,USD_net_monthly,ROI_tool_each_acc,percent_interest_monthly,ROI_tool_score,interval_new_acc,interval_score,interest_score,score
141,Icy Mountains,Basic Trilium Detector,Icy Mountains,1.19,2.0,1.9,Basic Trilium Detector,4.0,170,149.9,18.0,680.0,22.799999999999997,74.0,41.0,492.0,941.7,11.8,3.1524206949678333,3.7,0.581081081081081,11.663956571380984,349.9186971414295,65.15582628552394,285.0,34.0,143.0,8.3,0.8713858424725822,99.0,0.9910536779324056,1.0,0.957837223914737
142,Icy Desert,Basic Trilium Detector,Icy Desert,1.25,1.7,1.7,Basic Trilium Detector,4.0,170,149.9,18.0,578.0,20.4,87.0,48.0,576.0,1025.7,12.4,3.312713272678062,3.4,0.6216216216216215,11.263225127105411,337.8967538131623,62.052900508421644,276.0,33.0,136.0,8.0,0.8783649052841476,111.0,0.9880715705765407,0.9571428571428571,0.9458809569587177
145,Geothermal Springs,Basic Trilium Detector,Geothermal Springs,1.33,1.5,1.6,Basic Trilium Detector,4.0,170,149.9,18.0,510.0,19.200000000000003,99.0,54.0,648.0,1097.7,13.3,3.553152139243405,3.1,0.6621621621621622,11.014771631654556,330.4431489496367,59.55908652661822,271.0,33.0,127.0,7.9,0.8873379860418744,122.0,0.985337972166998,0.9428571428571428,0.9431937275365043
136,Dormant Volcano,Basic Trilium Detector,Dormant Volcano,1.05,2.5,2.1,Basic Trilium Detector,4.0,170,149.9,18.0,850.0,25.200000000000003,59.0,32.0,384.0,833.7,10.4,2.778404680310633,4.1,0.5270270270270271,11.391459189273593,341.7437756782078,66.06583675709437,276.0,33.0,162.0,8.0,0.8524426719840479,91.0,0.9930417495029821,0.9571428571428571,0.9400923585392642
139,Rocky Coastline,Basic Trilium Detector,Rocky Coastline,1.13,2.0,1.8,Basic Trilium Detector,4.0,170,149.9,18.0,680.0,21.6,74.0,41.0,492.0,941.7,11.2,2.992128117257604,3.7,0.581081081081081,11.070874033853135,332.12622101559407,62.78349613541254,269.0,32.0,150.0,7.8,0.864406779661017,105.0,0.9895626242544732,0.9285714285714285,0.9337185121715228
135,Mountains,Basic Trilium Detector,Mountains,0.92,3.0,2.2,Basic Trilium Detector,4.0,170,149.9,18.0,1020.0,26.400000000000002,49.0,27.0,324.0,773.7,9.1,2.4311040952718033,4.5,0.47297297297297297,10.939968428723114,328.1990528616934,66.25987371489245,262.0,31.0,185.0,7.6,0.8295114656031904,89.0,0.9935387673956262,0.8999999999999999,0.9162689466392075
231,Dormant Volcano,Standard Drill,Dormant Volcano,1.05,2.5,2.1,Standard Drill,2.0,120,50.9,6.1,600.0,12.600000000000001,84.0,46.0,552.0,704.7,7.4,1.9769417917594887,4.9,0.41891891891891886,9.687014779621496,290.61044338864485,63.24805911848598,227.0,27.0,77.0,6.6,0.9371884346959123,93.0,0.992544731610338,0.757142857142857,0.9053172801957661
183,Geothermal Springs,Infused Extractor,Geothermal Springs,1.33,1.5,1.6,Infused Extractor,8.0,360,257.0,30.9,1080.0,38.400000000000006,47.0,26.0,312.0,1083.0,12.6,3.3661441319148047,3.2,0.6486486486486486,10.771661222127376,323.1498366638213,59.086644888509504,264.0,32.0,229.0,7.7,0.7856430707876371,123.0,0.9850894632206759,0.9142857142857143,0.9040144208102756
230,Mountains,Standard Drill,Mountains,0.92,3.0,2.2,Standard Drill,2.0,120,50.9,6.1,720.0,13.200000000000001,70.0,38.0,456.0,608.7,6.5,1.7365029251941453,5.7,0.31081081081081074,9.898066673606628,296.94200020819886,68.09226669442651,229.0,27.0,88.0,6.6,0.9262213359920239,80.0,0.9957753479125249,0.757142857142857,0.9033193971054743
221,Geothermal Springs,Power Extractor,Geothermal Springs,1.33,1.5,1.6,Power Extractor,5.0,270,172.0,20.7,810.0,24.0,62.0,34.0,408.0,924.0,10.4,2.778404680310633,3.7,0.581081081081081,10.280097317149341,308.40291951448023,59.620389268597364,249.0,30.0,186.0,7.2,0.8285144566301097,111.0,0.9880715705765407,0.8428571428571427,0.8966401080767921
217,Icy Mountains,Power Extractor,Icy Mountains,1.19,2.0,1.9,Power Extractor,5.0,270,172.0,20.7,1080.0,28.5,47.0,26.0,312.0,828.0,9.4,2.511250384126918,4.2,0.5135135135135135,10.547251613333055,316.41754839999163,63.18900645333222,253.0,30.0,205.0,7.3,0.8095712861415753,98.0,0.9913021868787276,0.857142857142857,0.8965351177368206
236,Icy Mountains,Standard Drill,Icy Mountains,1.19,2.0,1.9,Standard Drill,2.0,120,50.9,6.1,480.0,11.399999999999999,105.0,58.0,696.0,848.7,8.4,2.2440960879432033,4.1,0.5270270270270271,9.200793960567133,276.023818817014,57.30317584226853,219.0,26.0,68.0,6.3,0.9461615154536391,116.0,0.9868290258449304,0.7142857142857142,0.8928657792597781
229,Methane Swampland,Standard Drill,Methane Swampland,0.82,3.5,2.3,Standard Drill,2.0,120,50.9,6.1,840.0,13.799999999999999,60.0,33.0,396.0,548.7,5.8,1.549494917865545,6.3,0.22972972972972974,9.761817982552934,292.854539476588,70.54727193021174,222.0,27.0,99.0,6.4,0.9152542372881356,74.0,0.9972664015904572,0.7285714285714285,0.8920542603940521
218,Icy Desert,Power Extractor,Icy Desert,1.25,1.7,1.7,Power Extractor,5.0,270,172.0,20.7,918.0,25.5,55.0,30.0,360.0,876.0,9.8,2.6181121026004037,3.9,0.554054054054054,10.210637200141575,306.31911600424723,60.3425488005663,246.0,30.0,197.0,7.1,0.8175473579262214,107.0,0.989065606361829,0.8285714285714284,0.8894618784940266
144,Inland River,Basic Trilium Detector,Inland River,1.17,1.5,1.4,Basic Trilium Detector,4.0,170,149.9,18.0,510.0,16.799999999999997,99.0,54.0,648.0,1097.7,11.6,3.09898983573109,3.1,0.6621621621621622,9.606868490766379,288.2060547229914,53.927473963065516,234.0,28.0,145.0,6.8,0.8693918245264207,141.0,0.9806163021868787,0.7857142857142856,0.8887783539469634
134,Methane Swampland,Basic Trilium Detector,Methane Swampland,0.82,3.5,2.3,Basic Trilium Detector,4.0,170,149.9,18.0,1190.0,27.599999999999998,42.0,23.0,276.0,725.7,8.1,2.1639497990880887,4.8,0.43243243243243246,10.386959035622825,311.60877106868475,65.54783614249129,246.0,30.0,208.0,7.1,0.806580259222333,88.0,0.9937872763419483,0.8285714285714284,0.8880604168749078
138,Rocky Desert,Basic Trilium Detector,Rocky Desert,1.0,2.0,1.6,Basic Trilium Detector,4.0,170,149.9,18.0,680.0,19.200000000000003,74.0,41.0,492.0,941.7,9.9,2.644827532218775,3.7,0.581081081081081,9.785861869209468,293.575856076284,57.64344747683787,236.0,28.0,170.0,6.8,0.8444666001994018,120.0,0.9858349900596421,0.7857142857142856,0.883388261797963
179,Icy Mountains,Infused Extractor,Icy Mountains,1.19,2.0,1.9,Infused Extractor,8.0,360,257.0,30.9,1440.0,45.599999999999994,35.0,19.0,228.0,999.0,11.2,2.992128117257604,3.5,0.6081081081081081,10.472448410401615,314.1734523120484,59.38979364160646,255.0,31.0,258.0,7.4,0.7567298105682951,118.0,0.9863320079522863,0.8714285714285714,0.8829803177799744
180,Icy Desert,Infused Extractor,Icy Desert,1.25,1.7,1.7,Infused Extractor,8.0,360,257.0,30.9,1224.0,40.8,41.0,23.0,276.0,1047.0,11.7,3.1257052653494615,3.3,0.6351351351351351,10.314827375653222,309.4448212695967,57.759309502612886,252.0,30.0,247.0,7.3,0.7676969092721835,125.0,0.9845924453280318,0.857142857142857,0.8812889080557249
202,Geothermal Springs,Gasrigged Extractor,Geothermal Springs,1.33,1.5,1.6,Gasrigged Extractor,9.0,540,210.0,25.2,1620.0,43.2,31.0,17.0,204.0,834.0,9.4,2.511250384126918,4.1,0.5270270270270271,10.296126574920363,308.8837972476109,61.68450629968145,247.0,30.0,251.0,7.2,0.7637088733798604,101.0,0.9905566600397614,0.8428571428571427,0.8781924688870055
215,Rocky Coastline,Power Extractor,Rocky Coastline,1.13,2.0,1.8,Power Extractor,5.0,270,172.0,20.7,1080.0,27.0,47.0,26.0,312.0,828.0,8.9,2.3776732360350605,4.2,0.5135135135135135,9.986227591347255,299.5868277404177,60.94491036538902,239.0,29.0,217.0,6.9,0.7976071784646062,104.0,0.9898111332007953,0.7999999999999999,0.8752066068197
237,Icy Desert,Standard Drill,Icy Desert,1.25,1.7,1.7,Standard Drill,2.0,120,50.9,6.1,408.0,10.2,124.0,68.0,816.0,968.7,8.9,2.3776732360350605,3.6,0.5945945945945946,8.559623649726218,256.78870949178656,52.23849459890487,205.0,25.0,64.0,5.9,0.9501495513459621,142.0,0.9803677932405567,0.6571428571428571,0.8743348398428685
234,Rocky Coastline,Standard Drill,Rocky Coastline,1.13,2.0,1.8,Standard Drill,2.0,120,50.9,6.1,480.0,10.8,105.0,58.0,696.0,848.7,7.9,2.110518939851346,4.1,0.5270270270270271,8.653127653390518,259.5938296017155,55.11251061356207,204.0,24.0,72.0,5.9,0.942173479561316,125.0,0.9845924453280318,0.6571428571428571,0.8736318791424648
212,Dormant Volcano,Power Extractor,Dormant Volcano,1.05,2.5,2.1,Power Extractor,5.0,270,172.0,20.7,1350.0,31.5,37.0,20.0,240.0,756.0,8.2,2.19066522870646,4.6,0.4594594594594595,10.077060052049715,302.31180156149145,63.30824020819886,239.0,29.0,236.0,6.9,0.7786640079760718,95.0,0.9920477137176938,0.7999999999999999,0.870418287879899
147,Tree Forest,Basic Trilium Detector,Tree Forest,1.15,1.3,1.2,Basic Trilium Detector,4.0,170,149.9,18.0,442.0,14.399999999999999,114.0,63.0,756.0,1205.7,11.5,3.0722744061127187,2.9,0.6891891891891891,8.909595777726883,267.2878733318065,50.13838311090753,217.0,26.0,146.0,6.3,0.86839481555334,167.0,0.974155069582505,0.7142857142857142,0.8644661867847183
143,Sandy Coastline,Basic Trilium Detector,Sandy Coastline,1.08,1.5,1.3,Basic Trilium Detector,4.0,170,149.9,18.0,510.0,15.600000000000001,99.0,54.0,648.0,1097.7,10.8,2.8852663987841187,3.1,0.6621621621621622,8.94432583623077,268.32977508692306,51.27730334492308,217.0,26.0,156.0,6.3,0.8584247258225324,152.0,0.977882703777336,0.7142857142857142,0.8629662135434084
146,Dunes,Basic Trilium Detector,Dunes,1.08,1.5,1.3,Basic Trilium Detector,4.0,170,149.9,18.0,510.0,15.600000000000001,99.0,54.0,648.0,1097.7,10.8,2.8852663987841187,3.1,0.6621621621621622,8.94432583623077,268.32977508692306,51.27730334492308,217.0,26.0,156.0,6.3,0.8584247258225324,152.0,0.977882703777336,0.7142857142857142,0.8629662135434084
228,Active Volcano,Standard Drill,Active Volcano,0.63,5.0,2.5,Standard Drill,2.0,120,50.9,6.1,1200.0,15.0,42.0,23.0,276.0,428.7,4.4,1.1754789032083446,8.0,0.0,9.403831225666757,282.1149367700027,77.61532490266703,204.0,24.0,130.0,5.9,0.8843469591226321,63.0,1.0,0.6571428571428571,0.8624469448796468
177,Rocky Coastline,Infused Extractor,Rocky Coastline,1.13,2.0,1.8,Infused Extractor,8.0,360,257.0,30.9,1440.0,43.2,35.0,19.0,228.0,999.0,10.6,2.8318355395473755,3.5,0.6081081081081081,9.911424388415814,297.3427316524744,57.145697553663254,240.0,29.0,272.0,7.0,0.7427716849451645,125.0,0.9845924453280318,0.8142857142857142,0.8609541979004763
240,Geothermal Springs,Standard Drill,Geothermal Springs,1.33,1.5,1.6,Standard Drill,2.0,120,50.9,6.1,360.0,9.600000000000001,140.0,77.0,924.0,1076.7,9.4,2.511250384126918,3.2,0.6486486486486486,8.036001229206137,241.08003687618412,48.14400491682455,193.0,23.0,61.0,5.6,0.9531405782652044,167.0,0.974155069582505,0.6142857142857142,0.8598899155982775
199,Icy Desert,Gasrigged Extractor,Icy Desert,1.25,1.7,1.7,Gasrigged Extractor,9.0,540,210.0,25.2,1836.0,45.9,27.0,15.0,180.0,810.0,8.7,2.3242423767983174,4.3,0.5,9.994242220232763,299.8272666069829,61.476968880931054,238.0,29.0,271.0,6.9,0.7437686939182453,102.0,0.9903081510934394,0.7999999999999999,0.8592538686128494
137,Small Island,Basic Trilium Detector,Small Island,0.89,2.1,1.5,Basic Trilium Detector,4.0,170,149.9,18.0,714.0,18.0,71.0,39.0,468.0,917.7,8.9,2.3776732360350605,3.8,0.5675675675675675,9.03515829693323,271.0547489079969,55.14063318773292,216.0,26.0,189.0,6.3,0.8255234297108675,127.0,0.9840954274353877,0.7142857142857142,0.8555809141731295
182,Inland River,Infused Extractor,Inland River,1.17,1.5,1.4,Infused Extractor,8.0,360,257.0,30.9,1080.0,33.599999999999994,47.0,26.0,312.0,1083.0,11.1,2.965412687639233,3.2,0.6486486486486486,9.489320600445545,284.67961801336634,53.95728240178218,231.0,28.0,260.0,6.7,0.7547357926221336,141.0,0.9806163021868787,0.7714285714285714,0.850095830089963
198,Icy Mountains,Gasrigged Extractor,Icy Mountains,1.19,2.0,1.9,Gasrigged Extractor,9.0,540,210.0,25.2,2160.0,51.3,23.0,13.0,156.0,786.0,8.3,2.217380658324832,4.4,0.4864864864864864,9.75647489662926,292.6942468988778,61.02589958651704,232.0,28.0,284.0,6.7,0.7308075772681955,102.0,0.9903081510934394,0.7714285714285714,0.8467941050464058
220,Inland River,Power Extractor,Inland River,1.17,1.5,1.4,Power Extractor,5.0,270,172.0,20.7,810.0,21.0,62.0,34.0,408.0,924.0,9.1,2.4311040952718033,3.7,0.581081081081081,8.995085152505672,269.85255457517013,54.48034061002269,215.0,26.0,212.0,6.2,0.80259222333001,129.0,0.9835984095427436,0.7,0.8442170308161004
233,Rocky Desert,Standard Drill,Rocky Desert,1.0,2.0,1.6,Standard Drill,2.0,120,50.9,6.1,480.0,9.600000000000001,105.0,58.0,696.0,848.7,7.1,1.8967955029043742,4.1,0.5270270270270271,7.776861561907934,233.305846857238,51.607446247631735,182.0,22.0,81.0,5.3,0.9332003988035892,140.0,0.9808648111332008,0.5714285714285714,0.8437346155229285
174,Dormant Volcano,Infused Extractor,Dormant Volcano,1.05,2.5,2.1,Infused Extractor,8.0,360,257.0,30.9,1800.0,50.400000000000006,28.0,15.0,180.0,951.0,9.9,2.644827532218775,3.6,0.5945945945945946,9.52137911598759,285.6413734796277,56.08551646395036,230.0,28.0,292.0,6.7,0.7228315054835494,124.0,0.9848409542743539,0.7714285714285714,0.8422144047833777
107,Geothermal Springs,Power Saw,Geothermal Springs,1.33,1.5,1.6,Power Saw,6.0,360,215.0,25.8,1080.0,28.800000000000004,47.0,26.0,312.0,957.0,9.5,2.537965813745289,3.6,0.5945945945945946,9.136676929483041,274.10030788449126,54.546707717932165,220.0,26.0,254.0,6.4,0.7607178464606181,130.0,0.9833499005964215,0.7285714285714285,0.8401267427481827
140,Mushroom Forest,Basic Trilium Detector,Mushroom Forest,0.88,2.0,1.4,Basic Trilium Detector,4.0,170,149.9,18.0,680.0,16.799999999999997,74.0,41.0,492.0,941.7,8.7,2.3242423767983174,3.7,0.581081081081081,8.599696794153775,257.99090382461327,52.8987871766151,205.0,25.0,193.0,5.9,0.8215353938185443,138.0,0.9813618290258449,0.6571428571428571,0.8361482068987585
211,Mountains,Power Extractor,Mountains,0.92,3.0,2.2,Power Extractor,5.0,270,172.0,20.7,1620.0,33.0,31.0,17.0,204.0,720.0,7.2,1.9235109325227457,4.8,0.43243243243243246,9.23285247610918,276.9855742832754,60.93140990443672,216.0,26.0,268.0,6.3,0.7467597208374875,100.0,0.9908051689860835,0.7142857142857142,0.8346356981313939
214,Rocky Desert,Power Extractor,Rocky Desert,1.0,2.0,1.6,Power Extractor,5.0,270,172.0,20.7,1080.0,24.0,47.0,26.0,312.0,828.0,7.9,2.110518939851346,4.2,0.5135135135135135,8.864179547375654,265.92538642126965,56.45671818950262,209.0,25.0,244.0,6.1,0.7706879361914257,119.0,0.9860834990059643,0.6857142857142856,0.831354066174099
185,Tree Forest,Infused Extractor,Tree Forest,1.15,1.3,1.2,Infused Extractor,8.0,360,257.0,30.9,936.0,28.799999999999997,54.0,30.0,360.0,1131.0,10.9,2.91198182840249,3.1,0.6621621621621622,9.027143668047719,270.81431004143155,51.608574672190876,219.0,26.0,265.0,6.3,0.7497507477567298,155.0,0.9771371769383698,0.7142857142857142,0.830065809388081
223,Tree Forest,Power Extractor,Tree Forest,1.15,1.3,1.2,Power Extractor,5.0,270,172.0,20.7,702.0,18.0,72.0,40.0,480.0,996.0,9.1,2.4311040952718033,3.5,0.6081081081081081,8.508864333451312,255.26593000353935,51.53545733380525,204.0,24.0,212.0,5.9,0.80259222333001,146.0,0.9793737574552683,0.6571428571428571,0.8296700271239674
133,Active Volcano,Basic Trilium Detector,Active Volcano,0.63,5.0,2.5,Basic Trilium Detector,4.0,170,149.9,18.0,1700.0,30.0,30.0,16.0,192.0,641.7,6.3,1.6830720659574023,5.4,0.35135135135135126,9.088589156169974,272.6576746850992,63.354356624679895,209.0,25.0,267.0,6.1,0.7477567298105683,92.0,0.9927932405566601,0.6857142857142856,0.8271586008801202
114,Active Volcano,ExoGloves,Active Volcano,0.63,5.0,2.5,ExoGloves,1.0,40,18.0,2.2,400.0,7.5,126.0,69.0,828.0,882.0,6.6,1.7632183548125167,3.9,0.554054054054054,6.876551583768815,206.29654751306444,47.00620633507526,159.0,19.0,31.0,4.6,0.9830508474576272,166.0,0.9744035785288271,0.47142857142857136,0.8261052570773904
149,Grass Coastline,Basic Trilium Detector,Grass Coastline,1.14,1.1,1.0,Basic Trilium Detector,4.0,170,149.9,18.0,374.00000000000006,12.0,135.0,74.0,888.0,1337.7,11.3,3.018843546875976,2.6,0.7297297297297297,7.848993221877538,235.46979665632614,44.395972887510155,191.0,23.0,149.0,5.5,0.8654037886340977,210.0,0.963469184890656,0.6,0.8250088105464917
196,Rocky Coastline,Gasrigged Extractor,Rocky Coastline,1.13,2.0,1.8,Gasrigged Extractor,9.0,540,210.0,25.2,2160.0,48.599999999999994,23.0,13.0,156.0,786.0,7.8,2.083803510232974,4.4,0.4864864864864864,9.168735445025087,275.0620633507526,58.67494178010035,216.0,26.0,302.0,6.3,0.7128614157527418,109.0,0.9885685884691849,0.7142857142857142,0.8235715743992108
201,Inland River,Gasrigged Extractor,Inland River,1.17,1.5,1.4,Gasrigged Extractor,9.0,540,210.0,25.2,1620.0,37.8,31.0,17.0,204.0,834.0,8.2,2.19066522870646,4.1,0.5270270270270271,8.981727437696486,269.4518231308946,56.426909750785946,213.0,26.0,288.0,6.2,0.7268195413758723,117.0,0.9865805168986084,0.7,0.8226780691722051
103,Icy Mountains,Power Saw,Icy Mountains,1.19,2.0,1.9,Power Saw,6.0,360,215.0,25.8,1440.0,34.199999999999996,35.0,19.0,228.0,873.0,8.4,2.2440960879432033,4.0,0.5405405405405405,8.976384351772813,269.2915305531844,55.90553740709125,213.0,26.0,287.0,6.2,0.7278165503489531,123.0,0.9850894632206759,0.7,0.8223807503929563
219,Sandy Coastline,Power Extractor,Sandy Coastline,1.08,1.5,1.3,Power Extractor,5.0,270,172.0,20.7,810.0,19.5,62.0,34.0,408.0,924.0,8.5,2.2708115175615746,3.7,0.581081081081081,8.402002614977826,252.06007844933478,52.108010459911306,200.0,24.0,227.0,5.8,0.7876370887337986,139.0,0.9811133200795229,0.6428571428571428,0.8215935975090916
222,Dunes,Power Extractor,Dunes,1.08,1.5,1.3,Power Extractor,5.0,270,172.0,20.7,810.0,19.5,62.0,34.0,408.0,924.0,8.5,2.2708115175615746,3.7,0.581081081081081,8.402002614977826,252.06007844933478,52.108010459911306,200.0,24.0,227.0,5.8,0.7876370887337986,139.0,0.9811133200795229,0.6428571428571428,0.8215935975090916
181,Sandy Coastline,Infused Extractor,Sandy Coastline,1.08,1.5,1.3,Infused Extractor,8.0,360,257.0,30.9,1080.0,31.200000000000003,47.0,26.0,312.0,1083.0,10.3,2.7516892506922614,3.2,0.6486486486486486,8.805405602215236,264.16216806645707,51.221622408860945,213.0,26.0,280.0,6.2,0.7347956131605184,153.0,0.9776341948310139,0.7,0.8214923618805612
184,Dunes,Infused Extractor,Dunes,1.08,1.5,1.3,Infused Extractor,8.0,360,257.0,30.9,1080.0,31.200000000000003,47.0,26.0,312.0,1083.0,10.3,2.7516892506922614,3.2,0.6486486486486486,8.805405602215236,264.16216806645707,51.221622408860945,213.0,26.0,280.0,6.2,0.7347956131605184,153.0,0.9776341948310139,0.7,0.8214923618805612
193,Dormant Volcano,Gasrigged Extractor,Dormant Volcano,1.05,2.5,2.1,Gasrigged Extractor,9.0,540,210.0,25.2,2700.0,56.7,19.0,10.0,120.0,750.0,7.5,2.00365722137786,4.6,0.4594594594594595,9.216823218338156,276.5046965501447,59.867292873352625,217.0,26.0,314.0,6.3,0.7008973080757727,104.0,0.9898111332007953,0.7142857142857142,0.8204793599887641
239,Inland River,Standard Drill,Inland River,1.17,1.5,1.4,Standard Drill,2.0,120,50.9,6.1,360.0,8.399999999999999,140.0,77.0,924.0,1076.7,8.2,2.19066522870646,3.2,0.6486486486486486,7.010128731860672,210.30386195582017,44.040514927442686,166.0,20.0,70.0,4.8,0.9441674975074775,195.0,0.967196819085487,0.49999999999999994,0.820128976886438
115,Methane Swampland,ExoGloves,Methane Swampland,0.82,3.5,2.3,ExoGloves,1.0,40,18.0,2.2,280.0,6.8999999999999995,180.0,99.0,1188.0,1242.0,8.7,2.3242423767983174,2.8,0.7027027027027027,6.507878655035288,195.23635965105865,40.03151462014115,155.0,19.0,23.0,4.5,0.9910269192422732,240.0,0.956013916500994,0.45714285714285713,0.8168564995159366
104,Icy Desert,Power Saw,Icy Desert,1.25,1.7,1.7,Power Saw,6.0,360,215.0,25.8,1224.0,30.599999999999998,41.0,23.0,276.0,921.0,8.8,2.350957806416689,3.7,0.581081081081081,8.69854388374175,260.9563165122525,53.294175534967,208.0,25.0,274.0,6.0,0.7407776669990029,133.0,0.9826043737574552,0.6714285714285714,0.8167036210312544
232,Small Island,Standard Drill,Small Island,0.89,2.1,1.5,Standard Drill,2.0,120,50.9,6.1,504.0,9.0,100.0,55.0,660.0,812.7,6.3,1.6830720659574023,4.2,0.5135135135135135,7.06890267702109,212.06708031063272,49.27561070808436,163.0,20.0,91.0,4.7,0.9232303090727817,150.0,0.9783797216699801,0.4857142857142857,0.8140352671041123
204,Tree Forest,Gasrigged Extractor,Tree Forest,1.15,1.3,1.2,Gasrigged Extractor,9.0,540,210.0,25.2,1404.0,32.4,36.0,20.0,240.0,870.0,8.2,2.19066522870646,4.0,0.5405405405405405,8.76266091482584,262.87982744477523,55.05064365930336,208.0,25.0,288.0,6.0,0.7268195413758723,125.0,0.9845924453280318,0.6714285714285714,0.8133114119725459
148,Sandy Desert,Basic Trilium Detector,Sandy Desert,1.04,1.2,1.0,Basic Trilium Detector,4.0,170,149.9,18.0,408.0,12.0,124.0,68.0,816.0,1265.7,10.4,2.778404680310633,2.7,0.7162162162162161,7.501692636838709,225.05077910516127,43.50677054735483,182.0,22.0,162.0,5.3,0.8524426719840479,209.0,0.9637176938369781,0.5714285714285714,0.812648450558577
187,Grass Coastline,Infused Extractor,Grass Coastline,1.14,1.1,1.0,Infused Extractor,8.0,360,257.0,30.9,792.0000000000001,24.0,64.0,35.0,420.0,1191.0,10.8,2.8852663987841187,2.9,0.6891891891891891,8.367272556473944,251.0181766942183,47.969090225895776,203.0,24.0,267.0,5.9,0.7477567298105683,176.0,0.9719184890656064,0.6571428571428571,0.8102372717122701
176,Rocky Desert,Infused Extractor,Rocky Desert,1.0,2.0,1.6,Infused Extractor,8.0,360,257.0,30.9,1440.0,38.400000000000006,35.0,19.0,228.0,999.0,9.4,2.511250384126918,3.5,0.6081081081081081,8.789376344444213,263.6812903333264,52.65750537777685,211.0,25.0,307.0,6.1,0.707876370887338,142.0,0.9803677932405567,0.6857142857142856,0.8102243142767098
150,Grassland,Basic Trilium Detector,Grassland,1.13,1.0,0.9,Basic Trilium Detector,4.0,170,149.9,18.0,340.0,10.8,148.0,81.0,972.0,1421.7,11.2,2.992128117257604,2.4,0.7567567567567567,7.18110748141825,215.4332244425475,40.724429925673,175.0,21.0,150.0,5.1,0.864406779661017,244.0,0.9550198807157058,0.5428571428571428,0.8041871290417302
210,Methane Swampland,Power Extractor,Methane Swampland,0.82,3.5,2.3,Power Extractor,5.0,270,172.0,20.7,1890.0,34.5,27.0,15.0,180.0,696.0,6.5,1.7365029251941453,5.0,0.4054054054054054,8.682514625970727,260.4754387791218,59.73005850388291,201.0,24.0,297.0,5.8,0.7178464606181456,104.0,0.9898111332007953,0.6428571428571428,0.8041355343229046
116,Mountains,ExoGloves,Mountains,0.92,3.0,2.2,ExoGloves,1.0,40,18.0,2.2,240.0,6.6000000000000005,210.0,116.0,1392.0,1446.0,9.7,2.591396672982032,2.4,0.7567567567567567,6.219352015156876,186.5805604547063,36.8774080606275,150.0,18.0,21.0,4.3,0.9930209371884346,289.0,0.9438369781312127,0.4285714285714285,0.8040125009804441
235,Mushroom Forest,Standard Drill,Mushroom Forest,0.88,2.0,1.4,Standard Drill,2.0,120,50.9,6.1,480.0,8.399999999999999,105.0,58.0,696.0,848.7,6.2,1.656356636339031,4.1,0.5270270270270271,6.791062208990026,203.7318662697008,47.66424883596011,156.0,19.0,92.0,4.5,0.922233300099701,163.0,0.9751491053677932,0.45714285714285713,0.8038724893198848
238,Sandy Coastline,Standard Drill,Sandy Coastline,1.08,1.5,1.3,Standard Drill,2.0,120,50.9,6.1,360.0,7.800000000000001,140.0,77.0,924.0,1076.7,7.6,2.0303726509962314,3.2,0.6486486486486486,6.497192483187941,194.91577449563823,41.988769932751765,153.0,18.0,75.0,4.4,0.9391824526420738,211.0,0.963220675944334,0.4428571428571429,0.7999001490274986
241,Dunes,Standard Drill,Dunes,1.08,1.5,1.3,Standard Drill,2.0,120,50.9,6.1,360.0,7.800000000000001,140.0,77.0,924.0,1076.7,7.6,2.0303726509962314,3.2,0.6486486486486486,6.497192483187941,194.91577449563823,41.988769932751765,153.0,18.0,75.0,4.4,0.9391824526420738,211.0,0.963220675944334,0.4428571428571429,0.7999001490274986
225,Grass Coastline,Power Extractor,Grass Coastline,1.14,1.1,1.0,Power Extractor,5.0,270,172.0,20.7,594.0,15.0,85.0,47.0,564.0,1080.0,8.9,2.3776732360350605,3.2,0.6486486486486486,7.608554355312194,228.2566306593658,46.434217421248775,182.0,22.0,217.0,5.3,0.7976071784646062,178.0,0.9714214711729622,0.5714285714285714,0.7992793134371381
164,Geothermal Springs,Basic Explosive,Geothermal Springs,1.33,1.5,1.6,Basic Explosive,18.0,1200,265.0,31.8,3600.0,86.4,14.0,8.0,96.0,891.0,8.5,2.2708115175615746,3.9,0.554054054054054,8.85616491849014,265.6849475547042,54.92465967396056,211.0,25.0,350.0,6.1,0.6650049850448654,127.0,0.9840954274353877,0.6857142857142856,0.7988539522019004
101,Rocky Coastline,Power Saw,Rocky Coastline,1.13,2.0,1.8,Power Saw,6.0,360,215.0,25.8,1440.0,32.400000000000006,35.0,19.0,228.0,873.0,7.9,2.110518939851346,4.0,0.5405405405405405,8.442075759405384,253.26227278216152,53.768303037621536,199.0,24.0,306.0,5.8,0.7088733798604188,132.0,0.9828528827037774,0.6428571428571428,0.7986603098967795
188,Grassland,Infused Extractor,Grassland,1.13,1.0,0.9,Infused Extractor,8.0,360,257.0,30.9,720.0,21.6,70.0,38.0,456.0,1227.0,10.6,2.8318355395473755,2.8,0.7027027027027027,7.929139510732651,237.87418532197952,45.7165580429306,192.0,23.0,272.0,5.6,0.7427716849451645,192.0,0.9679423459244533,0.6142857142857142,0.794294158139045
117,Dormant Volcano,ExoGloves,Dormant Volcano,1.05,2.5,2.1,ExoGloves,1.0,40,18.0,2.2,200.0,6.300000000000001,252.0,139.0,1668.0,1722.0,11.1,2.965412687639233,2.0,0.8108108108108107,5.930825375278466,177.92476125835398,33.723301501113866,144.0,17.0,18.0,4.2,0.996011964107677,359.0,0.9264413518886679,0.41428571428571426,0.7936658442734845
203,Dunes,Gasrigged Extractor,Dunes,1.08,1.5,1.3,Gasrigged Extractor,9.0,540,210.0,25.2,1620.0,35.1,31.0,17.0,204.0,834.0,7.6,2.0303726509962314,4.1,0.5270270270270271,8.324527869084548,249.73583607253644,53.79811147633819,196.0,24.0,310.0,5.7,0.7048853439680958,128.0,0.9838469184890656,0.6285714285714286,0.7935757991574836
200,Sandy Coastline,Gasrigged Extractor,Sandy Coastline,1.08,1.5,1.3,Gasrigged Extractor,9.0,540,210.0,25.2,1620.0,35.1,31.0,17.0,204.0,834.0,7.6,2.0303726509962314,4.1,0.5270270270270271,8.324527869084548,249.73583607253644,53.79811147633819,196.0,24.0,310.0,5.7,0.7048853439680958,128.0,0.9838469184890656,0.6285714285714286,0.7935757991574836
213,Small Island,Power Extractor,Small Island,0.89,2.1,1.5,Power Extractor,5.0,270,172.0,20.7,1134.0,22.5,44.0,24.0,288.0,804.0,6.9,1.8433646436676312,4.3,0.5,7.926467967770813,237.7940390331244,53.205871871083254,185.0,22.0,280.0,5.4,0.7347956131605184,130.0,0.9833499005964215,0.5857142857142857,0.7894929299010098
98,Dormant Volcano,Power Saw,Dormant Volcano,1.05,2.5,2.1,Power Saw,6.0,360,215.0,25.8,1800.0,37.800000000000004,28.0,15.0,180.0,825.0,7.4,1.9769417917594887,4.2,0.5135135135135135,8.303155525389853,249.09466576169558,54.21262210155941,195.0,23.0,326.0,5.7,0.6889332003988036,127.0,0.9840954274353877,0.6285714285714286,0.7888895596652248
242,Tree Forest,Standard Drill,Tree Forest,1.15,1.3,1.2,Standard Drill,2.0,120,50.9,6.1,312.0,7.199999999999999,162.0,89.0,1068.0,1220.7,8.2,2.19066522870646,2.8,0.7027027027027027,6.133862640378088,184.01587921134265,38.53545056151235,145.0,17.0,70.0,4.2,0.9441674975074775,253.0,0.9527833001988072,0.41428571428571426,0.7886492836174804
106,Inland River,Power Saw,Inland River,1.17,1.5,1.4,Power Saw,6.0,360,215.0,25.8,1080.0,25.199999999999996,47.0,26.0,312.0,957.0,8.3,2.217380658324832,3.6,0.5945945945945946,7.982570369969395,239.47711109908184,49.93028147987758,190.0,23.0,291.0,5.5,0.7238285144566301,151.0,0.9781312127236581,0.6,0.7884010394264522
173,Mountains,Infused Extractor,Mountains,0.92,3.0,2.2,Infused Extractor,8.0,360,257.0,30.9,2160.0,52.800000000000004,23.0,13.0,156.0,927.0,8.5,2.2708115175615746,3.7,0.581081081081081,8.402002614977826,252.06007844933478,52.108010459911306,200.0,24.0,340.0,5.8,0.674975074775673,139.0,0.9811133200795229,0.6428571428571428,0.7877949933216539
206,Grass Coastline,Gasrigged Extractor,Grass Coastline,1.14,1.1,1.0,Gasrigged Extractor,9.0,540,210.0,25.2,1188.0,27.0,42.0,23.0,276.0,906.0,7.9,2.110518939851346,3.8,0.5675675675675675,8.019971971435114,240.5991591430534,51.079887885740455,190.0,23.0,299.0,5.5,0.715852442671984,143.0,0.9801192842942346,0.6,0.786803446519289
226,Grassland,Power Extractor,Grassland,1.13,1.0,0.9,Power Extractor,5.0,270,172.0,20.7,540.0,13.5,93.0,51.0,612.0,1128.0,8.8,2.350957806416689,3.1,0.6621621621621622,7.287969199891736,218.6390759967521,44.65187679956695,174.0,21.0,219.0,5.0,0.7956131605184447,194.0,0.9674453280318092,0.5285714285714286,0.7842335079396856
207,Grassland,Gasrigged Extractor,Grassland,1.13,1.0,0.9,Gasrigged Extractor,9.0,540,210.0,25.2,1080.0,24.299999999999997,47.0,26.0,312.0,942.0,8.0,2.1372343694697173,3.7,0.581081081081081,7.907767167037955,237.23301501113863,50.13106866815182,187.0,22.0,295.0,5.4,0.7198404785643071,151.0,0.9781312127236581,0.5857142857142857,0.7829189143730411
192,Mountains,Gasrigged Extractor,Mountains,0.92,3.0,2.2,Gasrigged Extractor,9.0,540,210.0,25.2,3240.0,59.400000000000006,16.0,9.0,108.0,738.0,6.7,1.7899337844308882,4.7,0.4459459459459459,8.412688786825175,252.38066360475526,57.1507551473007,195.0,23.0,352.0,5.7,0.6630109670987039,114.0,0.9873260437375746,0.6285714285714286,0.7824051361960696
195,Rocky Desert,Gasrigged Extractor,Rocky Desert,1.0,2.0,1.6,Gasrigged Extractor,9.0,540,210.0,25.2,2160.0,43.2,23.0,13.0,156.0,786.0,7.0,1.8700800732860028,4.4,0.4864864864864864,8.228352322458413,246.85056967375237,54.91340928983365,192.0,23.0,337.0,5.6,0.6779661016949152,123.0,0.9850894632206759,0.6142857142857142,0.7817113300824592
224,Sandy Desert,Power Extractor,Sandy Desert,1.04,1.2,1.0,Power Extractor,5.0,270,172.0,20.7,648.0,15.0,78.0,43.0,516.0,1032.0,8.2,2.19066522870646,3.3,0.6351351351351351,7.229195254731318,216.87585764193952,45.41678101892527,171.0,21.0,236.0,5.0,0.7786640079760718,181.0,0.9706759443339961,0.5285714285714286,0.7804410086978486
216,Mushroom Forest,Power Extractor,Mushroom Forest,0.88,2.0,1.4,Power Extractor,5.0,270,172.0,20.7,1080.0,21.0,47.0,26.0,312.0,828.0,6.9,1.8433646436676312,4.2,0.5135135135135135,7.742131503404051,232.26394510212154,51.968526013616206,180.0,22.0,280.0,5.2,0.7347956131605184,138.0,0.9813618290258449,0.5571428571428572,0.7801262727013507
186,Sandy Desert,Infused Extractor,Sandy Desert,1.04,1.2,1.0,Infused Extractor,8.0,360,257.0,30.9,864.0,24.0,58.0,32.0,384.0,1155.0,9.7,2.591396672982032,3.0,0.6756756756756757,7.774190018946095,233.22570056838285,46.09676007578438,187.0,22.0,298.0,5.4,0.7168494516450648,185.0,0.9696819085487077,0.5857142857142857,0.7786418846272882
109,Tree Forest,Power Saw,Tree Forest,1.15,1.3,1.2,Power Saw,6.0,360,215.0,25.8,936.0,21.599999999999998,54.0,30.0,360.0,1005.0,8.2,2.19066522870646,3.4,0.6216216216216215,7.448261777601964,223.4478533280589,46.793047110407855,177.0,21.0,294.0,5.1,0.7208374875373879,170.0,0.9734095427435387,0.5428571428571428,0.7684722062157747
205,Sandy Desert,Gasrigged Extractor,Sandy Desert,1.04,1.2,1.0,Gasrigged Extractor,9.0,540,210.0,25.2,1296.0,27.0,39.0,21.0,252.0,882.0,7.4,1.9769417917594887,3.9,0.554054054054054,7.710072987862006,231.30218963586017,50.34029195144802,181.0,22.0,319.0,5.2,0.6959122632103689,146.0,0.9793737574552683,0.5571428571428572,0.7676660390880752
122,Icy Mountains,ExoGloves,Icy Mountains,1.19,2.0,1.9,ExoGloves,1.0,40,18.0,2.2,160.0,5.699999999999999,315.0,173.0,2076.0,2130.0,12.6,3.3661441319148047,1.6,0.8648648648648649,5.385830611063688,161.57491833191065,29.543322444254752,132.0,16.0,16.0,3.8,0.9980059820538385,484.0,0.8953777335984096,0.3571428571428571,0.7646957451983725
108,Dunes,Power Saw,Dunes,1.08,1.5,1.3,Power Saw,6.0,360,215.0,25.8,1080.0,23.400000000000002,47.0,26.0,312.0,957.0,7.7,2.057088080614603,3.6,0.5945945945945946,7.40551709021257,222.16551270637711,47.62206836085028,175.0,21.0,314.0,5.1,0.7008973080757727,164.0,0.9749005964214712,0.5428571428571428,0.7630865738484631
105,Sandy Coastline,Power Saw,Sandy Coastline,1.08,1.5,1.3,Power Saw,6.0,360,215.0,25.8,1080.0,23.400000000000002,47.0,26.0,312.0,957.0,7.7,2.057088080614603,3.6,0.5945945945945946,7.40551709021257,222.16551270637711,47.62206836085028,175.0,21.0,314.0,5.1,0.7008973080757727,164.0,0.9749005964214712,0.5428571428571428,0.7630865738484631
175,Small Island,Infused Extractor,Small Island,0.89,2.1,1.5,Infused Extractor,8.0,360,257.0,30.9,1512.0,36.0,33.0,18.0,216.0,987.0,8.3,2.217380658324832,3.5,0.6081081081081081,7.760832304136912,232.82496912410735,48.54332921654765,184.0,22.0,348.0,5.3,0.6669990029910269,161.0,0.9756461232604374,0.5714285714285714,0.7617867216300545
161,Icy Desert,Basic Explosive,Icy Desert,1.25,1.7,1.7,Basic Explosive,18.0,1200,265.0,31.8,4080.0,91.8,12.0,7.0,84.0,879.0,7.7,2.057088080614603,3.9,0.554054054054054,8.02264351439695,240.67930543190852,51.5905740575878,189.0,23.0,386.0,5.5,0.6291126620139581,140.0,0.9808648111332008,0.6,0.7610797230574677
178,Mushroom Forest,Infused Extractor,Mushroom Forest,0.88,2.0,1.4,Infused Extractor,8.0,360,257.0,30.9,1440.0,33.599999999999994,35.0,19.0,228.0,999.0,8.2,2.19066522870646,3.5,0.6081081081081081,7.66732830047261,230.0198490141783,48.16931320189044,182.0,22.0,352.0,5.3,0.6630109670987039,165.0,0.9746520874751491,0.5714285714285714,0.7601926965482422
100,Rocky Desert,Power Saw,Rocky Desert,1.0,2.0,1.6,Power Saw,6.0,360,215.0,25.8,1440.0,28.800000000000004,35.0,19.0,228.0,873.0,7.1,1.8967955029043742,4.0,0.5405405405405405,7.587182011617497,227.6154603485249,50.34872804646999,177.0,21.0,340.0,5.1,0.674975074775673,148.0,0.9788767395626242,0.5428571428571428,0.7569003611148943
172,Methane Swampland,Infused Extractor,Methane Swampland,0.82,3.5,2.3,Infused Extractor,8.0,360,257.0,30.9,2520.0,55.199999999999996,20.0,11.0,132.0,903.0,7.7,2.057088080614603,3.8,0.5675675675675675,7.81693470633549,234.50804119006472,50.267738825341965,184.0,22.0,375.0,5.3,0.6400797607178464,147.0,0.9791252485089463,0.5714285714285714,0.7551025990475039
120,Rocky Coastline,ExoGloves,Rocky Coastline,1.13,2.0,1.8,ExoGloves,1.0,40,18.0,2.2,160.0,5.4,315.0,173.0,2076.0,2130.0,11.9,3.1791361245862046,1.6,0.8648648648648649,5.086617799337928,152.59853398013783,28.34647119735171,124.0,15.0,17.0,3.6,0.9970089730807578,515.0,0.8876739562624254,0.3285714285714285,0.7527437030006261
111,Grass Coastline,Power Saw,Grass Coastline,1.14,1.1,1.0,Power Saw,6.0,360,215.0,25.8,792.0000000000001,18.0,64.0,35.0,420.0,1065.0,8.1,2.1639497990880887,3.2,0.6486486486486486,6.924639357081884,207.73918071245652,43.69855742832753,164.0,20.0,298.0,4.8,0.7168494516450648,195.0,0.967196819085487,0.49999999999999994,0.7519335631277142
46,Icy Mountains,Advanced TD,Icy Mountains,1.19,2.0,1.9,Advanced TD,2.5,80,360.0,43.2,320.0,14.25,158.0,87.0,1044.0,2124.0,15.8,4.221037879702692,1.6,0.8648648648648649,6.753660607524307,202.6098182257292,35.014642430097226,168.0,20.0,256.0,4.9,0.7587238285144566,379.0,0.9214711729622267,0.5142857142857143,0.750491332024942
244,Grass Coastline,Standard Drill,Grass Coastline,1.14,1.1,1.0,Standard Drill,2.0,120,50.9,6.1,264.0,6.0,191.0,105.0,1260.0,1412.7,8.0,2.1372343694697173,2.4,0.7567567567567567,5.129362486727321,153.88087460181964,32.51744994690928,121.0,15.0,71.0,3.5,0.9431704885343968,350.0,0.9286779324055666,0.3142857142857143,0.7487080338082599
50,Geothermal Springs,Advanced TD,Geothermal Springs,1.33,1.5,1.6,Advanced TD,2.5,80,360.0,43.2,240.0,12.0,210.0,116.0,1392.0,2472.0,17.6,4.701915612833378,1.4,0.8918918918918918,6.58268185796673,197.48045573900188,33.33072743186692,164.0,20.0,230.0,4.8,0.7846460618145563,452.0,0.9033300198807157,0.49999999999999994,0.7467258264966532
47,Icy Desert,Advanced TD,Icy Desert,1.25,1.7,1.7,Advanced TD,2.5,80,360.0,43.2,272.0,12.75,185.0,102.0,1224.0,2304.0,16.5,4.408045887031292,1.5,0.8783783783783783,6.612068830546939,198.36206491640814,33.948275322187754,164.0,20.0,245.0,4.8,0.769690927218345,421.0,0.9110337972166997,0.49999999999999994,0.7453207970521833
243,Sandy Desert,Standard Drill,Sandy Desert,1.04,1.2,1.0,Standard Drill,2.0,120,50.9,6.1,288.0,6.0,175.0,96.0,1152.0,1304.7,7.3,1.950226362141117,2.6,0.7297297297297297,5.070588541566905,152.11765624700715,33.28235416626762,119.0,14.0,78.0,3.4,0.9361914257228315,329.0,0.93389662027833,0.29999999999999993,0.7444160758281815
163,Inland River,Basic Explosive,Inland River,1.17,1.5,1.4,Basic Explosive,18.0,1200,265.0,31.8,3600.0,75.6,14.0,8.0,96.0,891.0,7.4,1.9769417917594887,3.9,0.554054054054054,7.710072987862006,231.30218963586017,50.34029195144802,181.0,22.0,402.0,5.2,0.613160518444666,148.0,0.9788767395626242,0.5571428571428572,0.7426417085013066
194,Small Island,Gasrigged Extractor,Small Island,0.89,2.1,1.5,Gasrigged Extractor,9.0,540,210.0,25.2,2268.0,40.5,22.0,12.0,144.0,774.0,6.2,1.656356636339031,4.5,0.47297297297297297,7.453604863525639,223.60814590576916,52.314419454102556,171.0,21.0,380.0,5.0,0.6350947158524427,136.0,0.981858846918489,0.5285714285714286,0.741843382094557
160,Icy Mountains,Basic Explosive,Icy Mountains,1.19,2.0,1.9,Basic Explosive,18.0,1200,265.0,31.8,4800.0,102.6,10.0,6.0,72.0,867.0,7.2,1.9235109325227457,4.0,0.5405405405405405,7.694043730090983,230.8213119027295,50.77617492036393,180.0,22.0,413.0,5.2,0.6021934197407777,144.0,0.9798707753479126,0.5571428571428572,0.7397491932042555
41,Dormant Volcano,Advanced TD,Dormant Volcano,1.05,2.5,2.1,Advanced TD,2.5,80,360.0,43.2,400.0,15.75,126.0,69.0,828.0,1908.0,13.9,3.7134447169536338,1.8,0.8378378378378378,6.684200490516541,200.52601471549622,35.73680196206617,165.0,20.0,291.0,4.8,0.7238285144566301,347.0,0.9294234592445328,0.49999999999999994,0.7389179380348021
123,Icy Desert,ExoGloves,Icy Desert,1.25,1.7,1.7,ExoGloves,1.0,40,18.0,2.2,136.0,5.1,371.0,204.0,2448.0,2502.0,13.2,3.5264367096250333,1.4,0.8918918918918918,4.937011393475046,148.1103418042514,26.748045573900185,121.0,15.0,15.0,3.5,0.9990029910269193,620.0,0.8615805168986084,0.3142857142857143,0.7386188183532334
97,Mountains,Power Saw,Mountains,0.92,3.0,2.2,Power Saw,6.0,360,215.0,25.8,2160.0,39.6,23.0,13.0,156.0,801.0,6.4,1.709787495575774,4.3,0.5,7.352086230975828,220.56258692927483,50.908344923903314,170.0,20.0,377.0,4.9,0.638085742771685,141.0,0.9806163021868787,0.5142857142857143,0.7379579579919713
112,Grassland,Power Saw,Grassland,1.13,1.0,0.9,Power Saw,6.0,360,215.0,25.8,720.0,16.200000000000003,70.0,38.0,456.0,1101.0,7.9,2.110518939851346,3.1,0.6621621621621622,6.542608713539173,196.2782614061752,41.670434854156696,155.0,19.0,306.0,4.5,0.7088733798604188,213.0,0.9627236580516899,0.45714285714285713,0.7348943343216587
189,Plains,Infused Extractor,Plains,1.07,0.7,0.6,Infused Extractor,8.0,360,257.0,30.9,503.99999999999994,14.399999999999999,100.0,55.0,660.0,1431.0,10.1,2.6982583914555183,2.4,0.7567567567567567,6.475820139493243,194.2746041847973,37.90328055797298,156.0,19.0,286.0,4.5,0.7288135593220338,275.0,0.9473161033797217,0.45714285714285713,0.734713366291356
166,Tree Forest,Basic Explosive,Tree Forest,1.15,1.3,1.2,Basic Explosive,18.0,1200,265.0,31.8,3120.0,64.8,16.0,9.0,108.0,903.0,7.3,1.950226362141117,3.8,0.5675675675675675,7.410860176136245,222.32580528408735,48.64344070454498,174.0,21.0,408.0,5.0,0.6071784646061814,156.0,0.9768886679920478,0.5285714285714286,0.7314804351501021
44,Rocky Coastline,Advanced TD,Rocky Coastline,1.13,2.0,1.8,Advanced TD,2.5,80,360.0,43.2,320.0,13.5,158.0,87.0,1044.0,2124.0,14.9,3.9805990131373488,1.6,0.8648648648648649,6.368958421019759,191.06875263059277,33.475833684079035,158.0,19.0,271.0,4.6,0.7437686939182453,403.0,0.915506958250497,0.47142857142857136,0.7307619629042439
197,Mushroom Forest,Gasrigged Extractor,Mushroom Forest,0.88,2.0,1.4,Gasrigged Extractor,9.0,540,210.0,25.2,2160.0,37.8,23.0,13.0,156.0,786.0,6.1,1.6296412067206594,4.4,0.4864864864864864,7.1704213095709015,215.11263928712705,50.681685238283606,164.0,20.0,387.0,4.8,0.6281156530408774,144.0,0.9798707753479126,0.49999999999999994,0.7303830060514283
208,Plains,Gasrigged Extractor,Plains,1.07,0.7,0.6,Gasrigged Extractor,9.0,540,210.0,25.2,756.0,16.2,67.0,37.0,444.0,1074.0,7.6,2.0303726509962314,3.2,0.6486486486486486,6.497192483187941,194.91577449563823,41.988769932751765,153.0,18.0,310.0,4.4,0.7048853439680958,211.0,0.963220675944334,0.4428571428571429,0.7296110164253052
168,Grass Coastline,Basic Explosive,Grass Coastline,1.14,1.1,1.0,Basic Explosive,18.0,1200,265.0,31.8,2640.0,54.0,19.0,10.0,120.0,915.0,7.2,1.9235109325227457,3.8,0.5675675675675675,7.3093415435864335,219.28024630759302,48.23736617434574,171.0,21.0,413.0,5.0,0.6021934197407777,161.0,0.9756461232604374,0.5285714285714286,0.7294879037978368
209,Active Volcano,Power Extractor,Active Volcano,0.63,5.0,2.5,Power Extractor,5.0,270,172.0,20.7,2700.0,37.5,19.0,10.0,120.0,636.0,5.0,1.3357714809185732,5.4,0.35135135135135126,7.213165996960296,216.39497990880886,55.85266398784118,161.0,19.0,386.0,4.7,0.6291126620139581,119.0,0.9860834990059643,0.4857142857142857,0.7288814839208588
110,Sandy Desert,Power Saw,Sandy Desert,1.04,1.2,1.0,Power Saw,6.0,360,215.0,25.8,864.0,18.0,58.0,32.0,384.0,1029.0,7.3,1.950226362141117,3.4,0.6216216216216215,6.630769631279798,198.92308893839393,43.52307852511919,155.0,19.0,331.0,4.5,0.6839481555333998,199.0,0.9662027833001988,0.45714285714285713,0.7288084171229566
151,Plains,Basic Trilium Detector,Plains,1.07,0.7,0.6,Basic Trilium Detector,4.0,170,149.9,18.0,237.99999999999997,7.199999999999999,212.0,117.0,1404.0,1853.7,10.7,2.858550969165747,1.9,0.8243243243243242,5.431246841414919,162.93740524244757,31.224987365659675,132.0,16.0,157.0,3.8,0.8574277168494516,421.0,0.9110337972166997,0.3571428571428571,0.7287846910843725
245,Grassland,Standard Drill,Grassland,1.13,1.0,0.9,Standard Drill,2.0,120,50.9,6.1,240.0,5.4,210.0,116.0,1392.0,1544.7,7.9,2.110518939851346,2.2,0.7837837837837838,4.643141667672961,139.29425003018883,29.572566670691845,110.0,13.0,72.0,3.2,0.942173479561316,421.0,0.9110337972166997,0.2714285714285714,0.7284941341836462
119,Rocky Desert,ExoGloves,Rocky Desert,1.0,2.0,1.6,ExoGloves,1.0,40,18.0,2.2,160.0,4.800000000000001,315.0,173.0,2076.0,2130.0,10.6,2.8318355395473755,1.6,0.8648648648648649,4.530936863275801,135.92810589827403,26.123747453103203,110.0,13.0,19.0,3.2,0.9950149551345963,581.0,0.871272365805169,0.2714285714285714,0.7284420042910179
191,Methane Swampland,Gasrigged Extractor,Methane Swampland,0.82,3.5,2.3,Gasrigged Extractor,9.0,540,210.0,25.2,3780.0,62.099999999999994,13.0,7.0,84.0,714.0,5.7,1.5227794882471737,4.8,0.43243243243243246,7.3093415435864335,219.28024630759302,53.23736617434574,166.0,20.0,414.0,4.8,0.6011964107676969,129.0,0.9835984095427436,0.49999999999999994,0.7237982870474065
88,Geothermal Springs,Large Capacitor,Geothermal Springs,1.33,1.5,1.6,Large Capacitor,20.0,1440,310.0,37.2,4320.0,96.0,12.0,7.0,84.0,1014.0,8.1,2.1639497990880887,3.4,0.6216216216216215,7.357429316899501,220.72287950698504,46.42971726759801,174.0,21.0,430.0,5.0,0.5852442671984048,175.0,0.9721669980119284,0.5285714285714286,0.7230115079357214
227,Plains,Power Extractor,Plains,1.07,0.7,0.6,Power Extractor,5.0,270,172.0,20.7,378.0,9.0,133.0,73.0,876.0,1392.0,8.4,2.2440960879432033,2.5,0.7432432432432432,5.610240219858008,168.30720659574024,34.94096087943203,133.0,16.0,230.0,3.9,0.7846460618145563,314.0,0.937624254473161,0.37142857142857133,0.7218720917622028
158,Rocky Coastline,Basic Explosive,Rocky Coastline,1.13,2.0,1.8,Basic Explosive,18.0,1200,265.0,31.8,4800.0,97.19999999999999,10.0,6.0,72.0,867.0,6.8,1.8166492140492596,4.0,0.5405405405405405,7.266596856197038,217.99790568591115,49.066387424788154,169.0,20.0,438.0,4.9,0.5772681954137587,154.0,0.9773856858846919,0.5142857142857143,0.7184204472637187
169,Grassland,Basic Explosive,Grassland,1.13,1.0,0.9,Basic Explosive,18.0,1200,265.0,31.8,2400.0,48.599999999999994,21.0,12.0,144.0,939.0,7.1,1.8967955029043742,3.7,0.581081081081081,7.018143360746184,210.54430082238554,46.572573442984734,164.0,20.0,419.0,4.8,0.5962113659022931,172.0,0.9729125248508946,0.49999999999999994,0.7180284197110457
118,Small Island,ExoGloves,Small Island,0.89,2.1,1.5,ExoGloves,1.0,40,18.0,2.2,168.0,4.5,300.0,165.0,1980.0,2034.0,9.4,2.511250384126918,1.7,0.8513513513513513,4.26912565301576,128.0737695904728,25.57650261206304,102.0,12.0,22.0,3.0,0.9920239282153539,598.0,0.8670477137176938,0.24285714285714283,0.7172834068088265
165,Dunes,Basic Explosive,Dunes,1.08,1.5,1.3,Basic Explosive,18.0,1200,265.0,31.8,3600.0,70.2,14.0,8.0,96.0,891.0,6.9,1.8433646436676312,3.9,0.554054054054054,7.189122110303762,215.67366330911287,48.25648844121505,167.0,20.0,431.0,4.8,0.584247258225324,160.0,0.9758946322067594,0.49999999999999994,0.715632030350301
162,Sandy Coastline,Basic Explosive,Sandy Coastline,1.08,1.5,1.3,Basic Explosive,18.0,1200,265.0,31.8,3600.0,70.2,14.0,8.0,96.0,891.0,6.9,1.8433646436676312,3.9,0.554054054054054,7.189122110303762,215.67366330911287,48.25648844121505,167.0,20.0,431.0,4.8,0.584247258225324,160.0,0.9758946322067594,0.49999999999999994,0.715632030350301
126,Geothermal Springs,ExoGloves,Geothermal Springs,1.33,1.5,1.6,ExoGloves,1.0,40,18.0,2.2,120.0,4.800000000000001,420.0,231.0,2772.0,2826.0,14.1,3.766875576190377,1.2,0.9189189189189189,4.520250691428452,135.60752074285355,24.08100276571381,112.0,13.0,14.0,3.2,1.0,757.0,0.8275347912524851,0.2714285714285714,0.7124424879295654
99,Small Island,Power Saw,Small Island,0.89,2.1,1.5,Power Saw,6.0,360,215.0,25.8,1512.0,27.0,33.0,18.0,216.0,861.0,6.2,1.656356636339031,4.0,0.5405405405405405,6.625426545356124,198.76279636068372,46.501706181424495,152.0,18.0,389.0,4.4,0.6261216350947159,170.0,0.9734095427435387,0.4428571428571429,0.7100574504829731
102,Mushroom Forest,Power Saw,Mushroom Forest,0.88,2.0,1.4,Power Saw,6.0,360,215.0,25.8,1440.0,25.199999999999996,35.0,19.0,228.0,873.0,6.2,1.656356636339031,4.0,0.5405405405405405,6.625426545356124,198.76279636068372,46.501706181424495,152.0,18.0,389.0,4.4,0.6261216350947159,172.0,0.9729125248508946,0.4428571428571429,0.7098586433259155
96,Methane Swampland,Power Saw,Methane Swampland,0.82,3.5,2.3,Power Saw,6.0,360,215.0,25.8,2520.0,41.4,20.0,11.0,132.0,777.0,5.8,1.549494917865545,4.4,0.4864864864864864,6.817777638608399,204.53332915825195,49.27111055443359,155.0,19.0,416.0,4.5,0.5992023928215354,150.0,0.9783797216699801,0.45714285714285713,0.7082554636573098
40,Mountains,Advanced TD,Mountains,0.92,3.0,2.2,Advanced TD,2.5,80,360.0,43.2,480.0,16.5,105.0,58.0,696.0,1776.0,12.1,3.2325669838229474,1.9,0.8243243243243242,6.1418772692636,184.256318077908,34.067509077054396,150.0,18.0,334.0,4.3,0.6809571286141576,355.0,0.9274353876739563,0.4285714285714285,0.7038327222252583
167,Sandy Desert,Basic Explosive,Sandy Desert,1.04,1.2,1.0,Basic Explosive,18.0,1200,265.0,31.8,2880.0,54.0,18.0,10.0,120.0,915.0,6.8,1.8166492140492596,3.8,0.5675675675675675,6.903267013387186,207.09801040161557,46.613068053548744,160.0,19.0,438.0,4.6,0.5772681954137587,172.0,0.9729125248508946,0.47142857142857136,0.7037740399930569
155,Dormant Volcano,Basic Explosive,Dormant Volcano,1.05,2.5,2.1,Basic Explosive,18.0,1200,265.0,31.8,6000.0,113.4,8.0,4.0,48.0,843.0,6.4,1.709787495575774,4.1,0.5270270270270271,7.010128731860672,210.30386195582017,48.540514927442686,162.0,19.0,465.0,4.7,0.5503489531405783,156.0,0.9768886679920478,0.4857142857142857,0.7015744388532783
121,Mushroom Forest,ExoGloves,Mushroom Forest,0.88,2.0,1.4,ExoGloves,1.0,40,18.0,2.2,160.0,4.199999999999999,315.0,173.0,2076.0,2130.0,9.3,2.4845349545085464,1.6,0.8648648648648649,3.9752559272136745,119.25767781641024,23.901023708854698,95.0,11.0,22.0,2.8,0.9920239282153539,673.0,0.8484095427435387,0.21428571428571422,0.701256709847736
49,Inland River,Advanced TD,Inland River,1.17,1.5,1.4,Advanced TD,2.5,80,360.0,43.2,240.0,10.5,210.0,116.0,1392.0,2472.0,15.4,4.114176161229206,1.4,0.8918918918918918,5.759846625720887,172.79539877162662,30.03938650288355,143.0,17.0,263.0,4.1,0.7517447657028913,519.0,0.8866799204771372,0.3999999999999999,0.7001953979017222
43,Rocky Desert,Advanced TD,Rocky Desert,1.0,2.0,1.6,Advanced TD,2.5,80,360.0,43.2,320.0,12.0,158.0,87.0,1044.0,2124.0,13.3,3.553152139243405,1.6,0.8648648648648649,5.685043422789448,170.55130268368345,30.740173691157793,140.0,17.0,304.0,4.1,0.7108673978065803,455.0,0.9025844930417495,0.3999999999999999,0.6942940165586738
39,Methane Swampland,Advanced TD,Methane Swampland,0.82,3.5,2.3,Advanced TD,2.5,80,360.0,43.2,560.0,17.25,90.0,50.0,600.0,1680.0,10.9,2.91198182840249,2.1,0.7972972972972973,6.115161839645229,183.4548551893569,34.960647358580914,148.0,18.0,371.0,4.3,0.6440677966101694,341.0,0.9309145129224652,0.4285714285714285,0.6941575727234655
84,Icy Mountains,Large Capacitor,Icy Mountains,1.19,2.0,1.9,Large Capacitor,20.0,1440,310.0,37.2,5760.0,114.0,9.0,5.0,60.0,990.0,7.2,1.9235109325227457,3.5,0.6081081081081081,6.73228826382961,201.9686479148883,44.42915305531844,158.0,19.0,483.0,4.6,0.5324027916251246,188.0,0.9689363817097415,0.47142857142857136,0.6887239616000054
170,Plains,Basic Explosive,Plains,1.07,0.7,0.6,Basic Explosive,18.0,1200,265.0,31.8,1680.0,32.4,30.0,16.0,192.0,987.0,6.8,1.8166492140492596,3.5,0.6081081081081081,6.358272249172408,190.74816747517224,42.933088996689634,148.0,18.0,438.0,4.3,0.5772681954137587,200.0,0.9659542743538767,0.4285714285714285,0.6881335969371069
125,Inland River,ExoGloves,Inland River,1.17,1.5,1.4,ExoGloves,1.0,40,18.0,2.2,120.0,4.199999999999999,420.0,231.0,2772.0,2826.0,12.3,3.2859978430596906,1.2,0.9189189189189189,3.9431974116716284,118.29592235014886,21.772789646686512,97.0,12.0,16.0,2.8,0.9980059820538385,874.0,0.7984592445328031,0.21428571428571422,0.6830712067149871
113,Plains,Power Saw,Plains,1.07,0.7,0.6,Power Saw,6.0,360,215.0,25.8,503.99999999999994,10.799999999999999,100.0,55.0,660.0,1305.0,7.6,2.0303726509962314,2.6,0.7297297297297297,5.278968892590202,158.36906677770605,34.11587557036081,124.0,15.0,318.0,3.6,0.6969092721834497,316.0,0.9371272365805169,0.3285714285714285,0.6824951048586703
52,Tree Forest,Advanced TD,Tree Forest,1.15,1.3,1.2,Advanced TD,2.5,80,360.0,43.2,208.0,9.0,242.0,133.0,1596.0,2676.0,15.2,4.060745301992463,1.3,0.9054054054054054,5.278968892590202,158.36906677770605,27.615875570360807,131.0,16.0,266.0,3.8,0.748753738783649,613.0,0.8633200795228628,0.3571428571428571,0.677097010587097
48,Sandy Coastline,Advanced TD,Sandy Coastline,1.08,1.5,1.3,Advanced TD,2.5,80,360.0,43.2,240.0,9.75,210.0,116.0,1392.0,2472.0,14.3,3.82030643542712,1.4,0.8918918918918918,5.348429009597968,160.45287028793905,28.393716038391872,132.0,16.0,283.0,3.8,0.7318045862412762,562.0,0.8759940357852882,0.3571428571428571,0.6770818473293553
51,Dunes,Advanced TD,Dunes,1.08,1.5,1.3,Advanced TD,2.5,80,360.0,43.2,240.0,9.75,210.0,116.0,1392.0,2472.0,14.3,3.82030643542712,1.4,0.8918918918918918,5.348429009597968,160.45287028793905,28.393716038391872,132.0,16.0,283.0,3.8,0.7318045862412762,562.0,0.8759940357852882,0.3571428571428571,0.6770818473293553
85,Icy Desert,Large Capacitor,Icy Desert,1.25,1.7,1.7,Large Capacitor,20.0,1440,310.0,37.2,4896.0,102.0,10.0,6.0,72.0,1002.0,7.1,1.8967955029043742,3.4,0.6216216216216215,6.449104709874872,193.47314129624615,42.79641883949949,151.0,18.0,490.0,4.4,0.5254237288135594,199.0,0.9662027833001988,0.4428571428571429,0.6769653748212903
87,Inland River,Large Capacitor,Inland River,1.17,1.5,1.4,Large Capacitor,20.0,1440,310.0,37.2,4320.0,84.0,12.0,7.0,84.0,1014.0,7.1,1.8967955029043742,3.4,0.6216216216216215,6.449104709874872,193.47314129624615,42.79641883949949,151.0,18.0,490.0,4.4,0.5254237288135594,201.0,0.9657057654075547,0.4428571428571429,0.6767665676642325
157,Rocky Desert,Basic Explosive,Rocky Desert,1.0,2.0,1.6,Basic Explosive,18.0,1200,265.0,31.8,4800.0,86.4,10.0,6.0,72.0,867.0,6.0,1.602925777102288,4.0,0.5405405405405405,6.411703108409152,192.35109325227455,45.64681243363661,147.0,18.0,496.0,4.3,0.5194416749750748,177.0,0.9716699801192843,0.4285714285714285,0.6730719231116646
171,Active Volcano,Infused Extractor,Active Volcano,0.63,5.0,2.5,Infused Extractor,8.0,360,257.0,30.9,3600.0,60.0,14.0,8.0,96.0,867.0,5.9,1.5762103474839166,4.0,0.5405405405405405,6.304841389935667,189.14524169807,45.21936555974267,144.0,17.0,489.0,4.2,0.5264207377866401,181.0,0.9706759443339961,0.41428571428571426,0.6704823133553048
42,Small Island,Advanced TD,Small Island,0.89,2.1,1.5,Advanced TD,2.5,80,360.0,43.2,336.0,11.25,150.0,82.0,984.0,2064.0,11.8,3.1524206949678333,1.7,0.8513513513513513,5.359115181445317,160.7734554433595,29.936460725781266,131.0,16.0,343.0,3.8,0.6719840478564307,473.0,0.8981113320079522,0.3571428571428571,0.6679826043029673
127,Dunes,ExoGloves,Dunes,1.08,1.5,1.3,ExoGloves,1.0,40,18.0,2.2,120.0,3.9000000000000004,420.0,231.0,2772.0,2826.0,11.5,3.0722744061127187,1.2,0.9189189189189189,3.6867292873352624,110.60187862005787,20.74691714934105,90.0,11.0,18.0,2.6,0.996011964107677,942.0,0.7815606361829026,0.1857142857142857,0.6671421294197499
124,Sandy Coastline,ExoGloves,Sandy Coastline,1.08,1.5,1.3,ExoGloves,1.0,40,18.0,2.2,120.0,3.9000000000000004,420.0,231.0,2772.0,2826.0,11.5,3.0722744061127187,1.2,0.9189189189189189,3.6867292873352624,110.60187862005787,20.74691714934105,90.0,11.0,18.0,2.6,0.996011964107677,942.0,0.7815606361829026,0.1857142857142857,0.6671421294197499
82,Rocky Coastline,Large Capacitor,Rocky Coastline,1.13,2.0,1.8,Large Capacitor,20.0,1440,310.0,37.2,5760.0,108.0,9.0,5.0,60.0,990.0,6.8,1.8166492140492596,3.5,0.6081081081081081,6.358272249172408,190.74816747517224,42.933088996689634,148.0,18.0,512.0,4.3,0.5034895314057827,201.0,0.9657057654075547,0.4285714285714285,0.6659005941561853
154,Mountains,Basic Explosive,Mountains,0.92,3.0,2.2,Basic Explosive,18.0,1200,265.0,31.8,7200.0,118.80000000000001,7.0,4.0,48.0,843.0,5.8,1.549494917865545,4.1,0.5270270270270271,6.352929163248734,190.58787489746203,45.91171665299494,145.0,17.0,513.0,4.2,0.5024925224327019,174.0,0.9724155069582505,0.41428571428571426,0.6639996737988252
156,Small Island,Basic Explosive,Small Island,0.89,2.1,1.5,Basic Explosive,18.0,1200,265.0,31.8,5040.0,81.0,10.0,6.0,72.0,867.0,5.7,1.5227794882471737,4.0,0.5405405405405405,6.091117952988695,182.73353858966084,44.36447181195478,138.0,17.0,522.0,4.0,0.4935194416749751,188.0,0.9689363817097415,0.3857142857142857,0.6513446709006748
128,Tree Forest,ExoGloves,Tree Forest,1.15,1.3,1.2,ExoGloves,1.0,40,18.0,2.2,104.0,3.5999999999999996,485.0,267.0,3204.0,3258.0,12.2,3.2592824134413187,1.1,0.9324324324324325,3.5852106547854508,107.55631964356353,19.840842619141803,88.0,11.0,17.0,2.6,0.9970089730807578,1111.0,0.7395626242544732,0.1857142857142857,0.6506420273403024
93,Grassland,Large Capacitor,Grassland,1.13,1.0,0.9,Large Capacitor,20.0,1440,310.0,37.2,2880.0,54.0,18.0,10.0,120.0,1050.0,6.8,1.8166492140492596,3.3,0.6351351351351351,5.994942406362556,179.84827219087668,40.479769625450224,139.0,17.0,512.0,4.0,0.5034895314057827,227.0,0.9592445328031809,0.3857142857142857,0.6504589582572928
69,Geothermal Springs,Artunian Shovel,Geothermal Springs,1.33,1.5,1.6,Artunian Shovel,10.0,750,335.0,40.2,2250.0,48.0,22.0,12.0,144.0,1149.0,7.4,1.9769417917594887,3.0,0.6756756756756757,5.9308253752784665,177.924761258354,38.723301501113866,139.0,17.0,508.0,4.0,0.5074775672981057,248.0,0.9540258449304175,0.3857142857142857,0.6495678938758844
92,Grass Coastline,Large Capacitor,Grass Coastline,1.14,1.1,1.0,Large Capacitor,20.0,1440,310.0,37.2,3168.0000000000005,60.0,16.0,9.0,108.0,1038.0,6.7,1.7899337844308882,3.3,0.6351351351351351,5.906781488621931,177.20344465865793,40.127125954487724,137.0,16.0,520.0,4.0,0.4955134596211366,227.0,0.9592445328031809,0.3857142857142857,0.648066136721899
45,Mushroom Forest,Advanced TD,Mushroom Forest,0.88,2.0,1.4,Advanced TD,2.5,80,360.0,43.2,320.0,10.5,158.0,87.0,1044.0,2124.0,11.6,3.09898983573109,1.6,0.8648648648648649,4.958383737169744,148.75151211509234,27.833534948678977,121.0,15.0,349.0,3.5,0.6660019940179461,527.0,0.8846918489065606,0.3142857142857143,0.6479630520537224
86,Sandy Coastline,Large Capacitor,Sandy Coastline,1.08,1.5,1.3,Large Capacitor,20.0,1440,310.0,37.2,4320.0,78.0,12.0,7.0,84.0,1014.0,6.6,1.7632183548125167,3.4,0.6216216216216215,5.994942406362556,179.84827219087668,40.979769625450224,139.0,17.0,527.0,4.0,0.4885343968095713,219.0,0.9612326043737575,0.3857142857142857,0.6467676465066601
89,Dunes,Large Capacitor,Dunes,1.08,1.5,1.3,Large Capacitor,20.0,1440,310.0,37.2,4320.0,78.0,12.0,7.0,84.0,1014.0,6.6,1.7632183548125167,3.4,0.6216216216216215,5.994942406362556,179.84827219087668,40.979769625450224,139.0,17.0,527.0,4.0,0.4885343968095713,219.0,0.9612326043737575,0.3857142857142857,0.6467676465066601
90,Tree Forest,Large Capacitor,Tree Forest,1.15,1.3,1.2,Large Capacitor,20.0,1440,310.0,37.2,3744.0,72.0,13.0,7.0,84.0,1014.0,6.6,1.7632183548125167,3.4,0.6216216216216215,5.994942406362556,179.84827219087668,40.979769625450224,139.0,17.0,527.0,4.0,0.4885343968095713,219.0,0.9612326043737575,0.3857142857142857,0.6467676465066601
31,Geothermal Springs,Nanominer,Geothermal Springs,1.33,1.5,1.6,Nanominer,1.5,120,197.5,23.7,360.0,7.200000000000001,140.0,77.0,924.0,1516.5,7.1,1.8967955029043742,2.3,0.7702702702702703,4.362629656680061,130.87888970040183,28.950518626720243,102.0,12.0,312.0,3.0,0.7028913260219342,446.0,0.9048210735586482,0.24285714285714283,0.6456529700871824
12,Geothermal Springs,Bananominer,Geothermal Springs,1.33,1.5,1.6,Bananominer,1.5,120,197.5,23.7,360.0,7.200000000000001,140.0,77.0,924.0,1516.5,7.1,1.8967955029043742,2.3,0.7702702702702703,4.362629656680061,130.87888970040183,28.950518626720243,102.0,12.0,312.0,3.0,0.7028913260219342,446.0,0.9048210735586482,0.24285714285714283,0.6456529700871824
54,Grass Coastline,Advanced TD,Grass Coastline,1.14,1.1,1.0,Advanced TD,2.5,80,360.0,43.2,176.0,7.5,286.0,157.0,1884.0,2964.0,15.0,4.00731444275572,1.2,0.9189189189189189,4.808777331306864,144.26331993920593,25.235109325227455,119.0,14.0,270.0,3.4,0.744765702891326,747.0,0.8300198807157058,0.29999999999999993,0.6454376631536801
246,Plains,Standard Drill,Plains,1.07,0.7,0.6,Standard Drill,2.0,120,50.9,6.1,168.0,3.5999999999999996,300.0,165.0,1980.0,2132.7,7.6,2.0303726509962314,1.6,0.8648648648648649,3.2485962415939706,97.45788724781912,20.994384966375883,76.0,9.0,75.0,2.2,0.9391824526420738,842.0,0.8064115308151093,0.1285714285714286,0.6428907766900944
27,Icy Mountains,Nanominer,Icy Mountains,1.19,2.0,1.9,Nanominer,1.5,120,197.5,23.7,480.0,8.549999999999999,105.0,58.0,696.0,1288.5,6.3,1.6830720659574023,2.7,0.7162162162162161,4.544294578084987,136.3288373425496,31.677178312339947,105.0,13.0,352.0,3.0,0.6630109670987039,368.0,0.9242047713717694,0.24285714285714283,0.6414423415354618
8,Icy Mountains,Bananominer,Icy Mountains,1.19,2.0,1.9,Bananominer,1.5,120,197.5,23.7,480.0,8.549999999999999,105.0,58.0,696.0,1288.5,6.3,1.6830720659574023,2.7,0.7162162162162161,4.544294578084987,136.3288373425496,31.677178312339947,105.0,13.0,352.0,3.0,0.6630109670987039,368.0,0.9242047713717694,0.24285714285714283,0.6414423415354618
66,Icy Desert,Artunian Shovel,Icy Desert,1.25,1.7,1.7,Artunian Shovel,10.0,750,335.0,40.2,2550.0,51.0,20.0,11.0,132.0,1137.0,7.1,1.8967955029043742,3.0,0.6756756756756757,5.6903865087131225,170.71159526139368,37.761546034852486,133.0,16.0,530.0,3.9,0.48554336989032904,256.0,0.952037773359841,0.37142857142857133,0.6379066917396066
79,Dormant Volcano,Large Capacitor,Dormant Volcano,1.05,2.5,2.1,Large Capacitor,20.0,1440,310.0,37.2,7200.0,126.0,7.0,4.0,48.0,978.0,6.2,1.656356636339031,3.5,0.6081081081081081,5.797248227186609,173.91744681559825,40.688992908746435,133.0,16.0,561.0,3.9,0.4546360917248255,221.0,0.9607355864811133,0.37142857142857133,0.6321136335384644
9,Icy Desert,Bananominer,Icy Desert,1.25,1.7,1.7,Bananominer,1.5,120,197.5,23.7,408.0,7.6499999999999995,124.0,68.0,816.0,1408.5,6.6,1.7632183548125167,2.4,0.7567567567567567,4.23172405155004,126.95172154650119,28.92689620620016,98.0,12.0,336.0,2.8,0.678963110667996,431.0,0.9085487077534792,0.21428571428571422,0.6313941305875048
28,Icy Desert,Nanominer,Icy Desert,1.25,1.7,1.7,Nanominer,1.5,120,197.5,23.7,408.0,7.6499999999999995,124.0,68.0,816.0,1408.5,6.6,1.7632183548125167,2.4,0.7567567567567567,4.23172405155004,126.95172154650119,28.92689620620016,98.0,12.0,336.0,2.8,0.678963110667996,431.0,0.9085487077534792,0.21428571428571422,0.6313941305875048
3,Dormant Volcano,Bananominer,Dormant Volcano,1.05,2.5,2.1,Bananominer,1.5,120,197.5,23.7,600.0,9.450000000000001,84.0,46.0,552.0,1144.5,5.6,1.496064058628802,3.0,0.6756756756756757,4.4881921758864065,134.6457652765922,32.95276870354563,102.0,12.0,396.0,3.0,0.6191425722831505,337.0,0.9319085487077535,0.24285714285714283,0.6313633340251894
22,Dormant Volcano,Nanominer,Dormant Volcano,1.05,2.5,2.1,Nanominer,1.5,120,197.5,23.7,600.0,9.450000000000001,84.0,46.0,552.0,1144.5,5.6,1.496064058628802,3.0,0.6756756756756757,4.4881921758864065,134.6457652765922,32.95276870354563,102.0,12.0,396.0,3.0,0.6191425722831505,337.0,0.9319085487077535,0.24285714285714283,0.6313633340251894
6,Rocky Coastline,Bananominer,Rocky Coastline,1.13,2.0,1.8,Bananominer,1.5,120,197.5,23.7,480.0,8.100000000000001,105.0,58.0,696.0,1288.5,6.0,1.602925777102288,2.7,0.7162162162162161,4.327899598176178,129.83698794528536,30.811598392704713,99.0,12.0,370.0,2.9,0.6450648055832503,390.0,0.9187375745526839,0.22857142857142854,0.6295859000674773
25,Rocky Coastline,Nanominer,Rocky Coastline,1.13,2.0,1.8,Nanominer,1.5,120,197.5,23.7,480.0,8.100000000000001,105.0,58.0,696.0,1288.5,6.0,1.602925777102288,2.7,0.7162162162162161,4.327899598176178,129.83698794528536,30.811598392704713,99.0,12.0,370.0,2.9,0.6450648055832503,390.0,0.9187375745526839,0.22857142857142854,0.6295859000674773
91,Sandy Desert,Large Capacitor,Sandy Desert,1.04,1.2,1.0,Large Capacitor,20.0,1440,310.0,37.2,3456.0,60.0,15.0,8.0,96.0,1026.0,6.3,1.6830720659574023,3.4,0.6216216216216215,5.722445024255168,171.67335072765505,39.889780097020676,132.0,16.0,553.0,3.8,0.4626121635094716,233.0,0.9577534791252486,0.3571428571428571,0.629027897845798
190,Active Volcano,Gasrigged Extractor,Active Volcano,0.63,5.0,2.5,Gasrigged Extractor,9.0,540,210.0,25.2,5400.0,67.5,9.0,5.0,60.0,690.0,4.3,1.148763473589973,5.0,0.4054054054054054,5.743817367949865,172.31452103849597,47.975269471799464,124.0,15.0,548.0,3.6,0.4675972083748754,167.0,0.974155069582505,0.3285714285714285,0.6285126189168933
153,Methane Swampland,Basic Explosive,Methane Swampland,0.82,3.5,2.3,Basic Explosive,18.0,1200,265.0,31.8,8400.0,124.19999999999999,6.0,3.0,36.0,831.0,5.2,1.3892023401553164,4.2,0.5135135135135135,5.834649828652329,175.03949485956986,44.33859931460931,131.0,16.0,572.0,3.8,0.4436689930209372,190.0,0.9684393638170974,0.3571428571428571,0.6276193005759773
53,Sandy Desert,Advanced TD,Sandy Desert,1.04,1.2,1.0,Advanced TD,2.5,80,360.0,43.2,192.0,7.5,262.0,144.0,1728.0,2808.0,13.8,3.6867292873352624,1.2,0.9189189189189189,4.424075144802314,132.72225434406943,23.696300579209257,109.0,13.0,293.0,3.2,0.7218344965104686,773.0,0.8235586481113321,0.2714285714285714,0.6274023796262449
65,Icy Mountains,Artunian Shovel,Icy Mountains,1.19,2.0,1.9,Artunian Shovel,10.0,750,335.0,40.2,3000.0,57.0,17.0,9.0,108.0,1113.0,6.8,1.8166492140492596,3.1,0.6621621621621622,5.631612563552705,168.94837690658113,38.026450254210815,131.0,16.0,553.0,3.8,0.4626121635094716,255.0,0.952286282306163,0.3571428571428571,0.6268410191181638
159,Mushroom Forest,Basic Explosive,Mushroom Forest,0.88,2.0,1.4,Basic Explosive,18.0,1200,265.0,31.8,4800.0,75.6,10.0,6.0,72.0,867.0,5.3,1.4159177697736878,4.0,0.5405405405405405,5.663671079094751,169.91013237284253,42.654684316379004,127.0,15.0,561.0,3.7,0.4546360917248255,205.0,0.9647117296222664,0.34285714285714286,0.6251326622234971
95,Active Volcano,Power Saw,Active Volcano,0.63,5.0,2.5,Power Saw,6.0,360,215.0,25.8,3600.0,45.0,14.0,8.0,96.0,741.0,4.4,1.1754789032083446,4.7,0.4459459459459459,5.52475084507922,165.7425253523766,45.59900338031688,120.0,14.0,549.0,3.5,0.4666001994017946,185.0,0.9696819085487077,0.3142857142857143,0.6221385375257358
38,Active Volcano,Advanced TD,Active Volcano,0.63,5.0,2.5,Advanced TD,2.5,80,360.0,43.2,800.0,18.75,63.0,35.0,420.0,1500.0,8.3,2.217380658324832,2.3,0.7702702702702703,5.099975514147113,152.99926542441338,31.899902056588452,121.0,15.0,487.0,3.5,0.5284147557328016,372.0,0.9232107355864811,0.3142857142857143,0.6220944352401472
55,Grassland,Advanced TD,Grassland,1.13,1.0,0.9,Advanced TD,2.5,80,360.0,43.2,160.0,6.75,315.0,173.0,2076.0,3156.0,14.9,3.9805990131373488,1.1,0.9324324324324325,4.378658914451084,131.35976743353254,23.014635657804337,108.0,13.0,271.0,3.1,0.7437686939182453,877.0,0.797713717693837,0.2571428571428571,0.6193589523958656
81,Rocky Desert,Large Capacitor,Rocky Desert,1.0,2.0,1.6,Large Capacitor,20.0,1440,310.0,37.2,5760.0,96.0,9.0,5.0,60.0,990.0,6.0,1.602925777102288,3.5,0.6081081081081081,5.610240219858008,168.30720659574024,39.94096087943203,128.0,15.0,580.0,3.7,0.4356929212362911,232.0,0.9580019880715706,0.34285714285714286,0.6167658144566585
94,Plains,Large Capacitor,Plains,1.07,0.7,0.6,Large Capacitor,20.0,1440,310.0,37.2,2015.9999999999998,36.0,25.0,14.0,168.0,1098.0,6.3,1.6830720659574023,3.1,0.6621621621621622,5.217523404467947,156.5257021340384,36.37009361787179,120.0,14.0,553.0,3.5,0.4626121635094716,274.0,0.9475646123260437,0.3142857142857143,0.6120952082689732
30,Inland River,Nanominer,Inland River,1.17,1.5,1.4,Nanominer,1.5,120,197.5,23.7,360.0,6.299999999999999,140.0,77.0,924.0,1516.5,6.2,1.656356636339031,2.3,0.7702702702702703,3.809620263579771,114.28860790739313,26.738481054319085,88.0,11.0,358.0,2.6,0.6570289132602194,517.0,0.8871769383697813,0.1857142857142857,0.607693735040264
11,Inland River,Bananominer,Inland River,1.17,1.5,1.4,Bananominer,1.5,120,197.5,23.7,360.0,6.299999999999999,140.0,77.0,924.0,1516.5,6.2,1.656356636339031,2.3,0.7702702702702703,3.809620263579771,114.28860790739313,26.738481054319085,88.0,11.0,358.0,2.6,0.6570289132602194,517.0,0.8871769383697813,0.1857142857142857,0.607693735040264
2,Mountains,Bananominer,Mountains,0.92,3.0,2.2,Bananominer,1.5,120,197.5,23.7,720.0,9.9,70.0,38.0,456.0,1048.5,4.9,1.3090560513002019,3.3,0.6351351351351351,4.319884969290666,129.59654907871996,33.77953987716266,96.0,12.0,453.0,2.8,0.5623130608175474,328.0,0.9341451292246521,0.21428571428571422,0.6066376842208394
21,Mountains,Nanominer,Mountains,0.92,3.0,2.2,Nanominer,1.5,120,197.5,23.7,720.0,9.9,70.0,38.0,456.0,1048.5,4.9,1.3090560513002019,3.3,0.6351351351351351,4.319884969290666,129.59654907871996,33.77953987716266,96.0,12.0,453.0,2.8,0.5623130608175474,328.0,0.9341451292246521,0.21428571428571422,0.6066376842208394
68,Inland River,Artunian Shovel,Inland River,1.17,1.5,1.4,Artunian Shovel,10.0,750,335.0,40.2,2250.0,42.0,22.0,12.0,144.0,1149.0,6.5,1.7365029251941453,3.0,0.6756756756756757,5.209508775582436,156.28526326747308,35.83803510232974,120.0,14.0,579.0,3.5,0.43668993020937186,287.0,0.9443339960238568,0.3142857142857143,0.6030262917580685
63,Rocky Coastline,Artunian Shovel,Rocky Coastline,1.13,2.0,1.8,Artunian Shovel,10.0,750,335.0,40.2,3000.0,54.0,17.0,9.0,108.0,1113.0,6.4,1.709787495575774,3.1,0.6621621621621622,5.3003412362849,159.010237088547,36.7013649451396,122.0,15.0,588.0,3.5,0.42771684945164506,274.0,0.9475646123260437,0.3142857142857143,0.6016266140516253
71,Tree Forest,Artunian Shovel,Tree Forest,1.15,1.3,1.2,Artunian Shovel,10.0,750,335.0,40.2,1950.0,36.0,26.0,14.0,168.0,1173.0,6.6,1.7632183548125167,2.9,0.6891891891891891,5.113333228956298,153.39999686868896,34.95333291582519,118.0,14.0,570.0,3.4,0.4456630109670987,298.0,0.9416003976143141,0.29999999999999993,0.6003390623358553
73,Grass Coastline,Artunian Shovel,Grass Coastline,1.14,1.1,1.0,Artunian Shovel,10.0,750,335.0,40.2,1650.0000000000002,30.0,31.0,17.0,204.0,1209.0,6.5,1.7365029251941453,2.9,0.6891891891891891,5.035858483063021,151.07575449189062,34.64343393225208,116.0,14.0,579.0,3.4,0.43668993020937186,313.0,0.9378727634194831,0.29999999999999993,0.5961560844306049
24,Rocky Desert,Nanominer,Rocky Desert,1.0,2.0,1.6,Nanominer,1.5,120,197.5,23.7,480.0,7.200000000000001,105.0,58.0,696.0,1288.5,5.3,1.4159177697736878,2.7,0.7162162162162161,3.8229779783889573,114.68933935166872,28.79191191355583,86.0,10.0,418.0,2.5,0.5972083748753739,449.0,0.9040755467196819,0.1714285714285714,0.5922213025790564
5,Rocky Desert,Bananominer,Rocky Desert,1.0,2.0,1.6,Bananominer,1.5,120,197.5,23.7,480.0,7.200000000000001,105.0,58.0,696.0,1288.5,5.3,1.4159177697736878,2.7,0.7162162162162161,3.8229779783889573,114.68933935166872,28.79191191355583,86.0,10.0,418.0,2.5,0.5972083748753739,449.0,0.9040755467196819,0.1714285714285714,0.5922213025790564
129,Sandy Desert,ExoGloves,Sandy Desert,1.04,1.2,1.0,ExoGloves,1.0,40,18.0,2.2,96.0,3.0,525.0,289.0,3468.0,3522.0,11.0,2.9386972580208615,1.0,0.9459459459459459,2.9386972580208615,88.16091774062585,16.754789032083444,71.0,9.0,18.0,2.1,0.996011964107677,1488.0,0.6458747514910537,0.11428571428571428,0.5914392041144388
78,Mountains,Large Capacitor,Mountains,0.92,3.0,2.2,Large Capacitor,20.0,1440,310.0,37.2,8640.0,132.0,6.0,3.0,36.0,966.0,5.5,1.4693486290104307,3.6,0.5945945945945946,5.289655064437551,158.68965193312653,39.1586202577502,120.0,14.0,633.0,3.5,0.382851445663011,242.0,0.9555168986083499,0.3142857142857143,0.5913479074279575
74,Grassland,Artunian Shovel,Grassland,1.13,1.0,0.9,Artunian Shovel,10.0,750,335.0,40.2,1500.0,27.0,34.0,19.0,228.0,1233.0,6.4,1.709787495575774,2.8,0.7027027027027027,4.787404987612167,143.622149628365,33.14961995044867,110.0,13.0,588.0,3.2,0.42771684945164506,336.0,0.9321570576540755,0.2714285714285714,0.5826064493256952
33,Tree Forest,Nanominer,Tree Forest,1.15,1.3,1.2,Nanominer,1.5,120,197.5,23.7,312.0,5.3999999999999995,162.0,89.0,1068.0,1660.5,6.1,1.6296412067206594,2.1,0.7972972972972973,3.422246534113385,102.66739602340155,24.18898613645354,78.0,9.0,364.0,2.3,0.6510468594217348,639.0,0.856858846918489,0.1428571428571428,0.5809147394510589
14,Tree Forest,Bananominer,Tree Forest,1.15,1.3,1.2,Bananominer,1.5,120,197.5,23.7,312.0,5.3999999999999995,162.0,89.0,1068.0,1660.5,6.1,1.6296412067206594,2.1,0.7972972972972973,3.422246534113385,102.66739602340155,24.18898613645354,78.0,9.0,364.0,2.3,0.6510468594217348,639.0,0.856858846918489,0.1428571428571428,0.5809147394510589
13,Dunes,Bananominer,Dunes,1.08,1.5,1.3,Bananominer,1.5,120,197.5,23.7,360.0,5.8500000000000005,140.0,77.0,924.0,1516.5,5.7,1.5227794882471737,2.3,0.7702702702702703,3.502392822968499,105.07178468905497,25.509571291873996,80.0,10.0,389.0,2.3,0.6261216350947159,569.0,0.8742544731610338,0.1428571428571428,0.5803954226499711
10,Sandy Coastline,Bananominer,Sandy Coastline,1.08,1.5,1.3,Bananominer,1.5,120,197.5,23.7,360.0,5.8500000000000005,140.0,77.0,924.0,1516.5,5.7,1.5227794882471737,2.3,0.7702702702702703,3.502392822968499,105.07178468905497,25.509571291873996,80.0,10.0,389.0,2.3,0.6261216350947159,569.0,0.8742544731610338,0.1428571428571428,0.5803954226499711
29,Sandy Coastline,Nanominer,Sandy Coastline,1.08,1.5,1.3,Nanominer,1.5,120,197.5,23.7,360.0,5.8500000000000005,140.0,77.0,924.0,1516.5,5.7,1.5227794882471737,2.3,0.7702702702702703,3.502392822968499,105.07178468905497,25.509571291873996,80.0,10.0,389.0,2.3,0.6261216350947159,569.0,0.8742544731610338,0.1428571428571428,0.5803954226499711
32,Dunes,Nanominer,Dunes,1.08,1.5,1.3,Nanominer,1.5,120,197.5,23.7,360.0,5.8500000000000005,140.0,77.0,924.0,1516.5,5.7,1.5227794882471737,2.3,0.7702702702702703,3.502392822968499,105.07178468905497,25.509571291873996,80.0,10.0,389.0,2.3,0.6261216350947159,569.0,0.8742544731610338,0.1428571428571428,0.5803954226499711
130,Grass Coastline,ExoGloves,Grass Coastline,1.14,1.1,1.0,ExoGloves,1.0,40,18.0,2.2,88.0,3.0,573.0,315.0,3780.0,3834.0,12.0,3.205851554204576,0.9,0.9594594594594593,2.8852663987841183,86.55799196352355,16.041065595136473,71.0,9.0,17.0,2.1,0.9970089730807578,1620.0,0.6130715705765407,0.11428571428571428,0.5786170344405579
1,Methane Swampland,Bananominer,Methane Swampland,0.82,3.5,2.3,Bananominer,1.5,120,197.5,23.7,840.0,10.35,60.0,33.0,396.0,988.5,4.3,1.148763473589973,3.5,0.6081081081081081,4.020672157564905,120.62016472694717,33.582688630259625,87.0,10.0,516.0,2.5,0.4995014955134596,341.0,0.9309145129224652,0.1714285714285714,0.5736448252515953
20,Methane Swampland,Nanominer,Methane Swampland,0.82,3.5,2.3,Nanominer,1.5,120,197.5,23.7,840.0,10.35,60.0,33.0,396.0,988.5,4.3,1.148763473589973,3.5,0.6081081081081081,4.020672157564905,120.62016472694717,33.582688630259625,87.0,10.0,516.0,2.5,0.4995014955134596,341.0,0.9309145129224652,0.1714285714285714,0.5736448252515953
67,Sandy Coastline,Artunian Shovel,Sandy Coastline,1.08,1.5,1.3,Artunian Shovel,10.0,750,335.0,40.2,2250.0,39.0,22.0,12.0,144.0,1149.0,6.0,1.602925777102288,3.0,0.6756756756756757,4.808777331306864,144.26331993920593,34.235109325227455,110.0,13.0,627.0,3.2,0.38883349950149554,313.0,0.9378727634194831,0.2714285714285714,0.5732277266468133
70,Dunes,Artunian Shovel,Dunes,1.08,1.5,1.3,Artunian Shovel,10.0,750,335.0,40.2,2250.0,39.0,22.0,12.0,144.0,1149.0,6.0,1.602925777102288,3.0,0.6756756756756757,4.808777331306864,144.26331993920593,34.235109325227455,110.0,13.0,627.0,3.2,0.38883349950149554,313.0,0.9378727634194831,0.2714285714285714,0.5732277266468133
83,Mushroom Forest,Large Capacitor,Mushroom Forest,0.88,2.0,1.4,Large Capacitor,20.0,1440,310.0,37.2,5760.0,84.0,9.0,5.0,60.0,990.0,5.3,1.4159177697736878,3.5,0.6081081081081081,4.955712194207907,148.6713658262372,37.32284877683163,111.0,13.0,657.0,3.2,0.3589232303090728,268.0,0.9490556660039762,0.2714285714285714,0.5687278069228837
60,Dormant Volcano,Artunian Shovel,Dormant Volcano,1.05,2.5,2.1,Artunian Shovel,10.0,750,335.0,40.2,3750.0,63.0,13.0,7.0,84.0,1089.0,5.7,1.5227794882471737,3.2,0.6486486486486486,4.872894362390956,146.1868308717287,35.49157744956382,111.0,13.0,660.0,3.2,0.3559322033898305,294.0,0.9425944333996024,0.2714285714285714,0.5652460058053616
4,Small Island,Bananominer,Small Island,0.89,2.1,1.5,Bananominer,1.5,120,197.5,23.7,504.0,6.75,100.0,55.0,660.0,1252.5,4.7,1.255625192063459,2.8,0.7027027027027027,3.5157505377776848,105.47251613333054,28.063002151110737,77.0,9.0,472.0,2.2,0.543369890329013,488.0,0.8943836978131213,0.1285714285714286,0.559335874795381
23,Small Island,Nanominer,Small Island,0.89,2.1,1.5,Nanominer,1.5,120,197.5,23.7,504.0,6.75,100.0,55.0,660.0,1252.5,4.7,1.255625192063459,2.8,0.7027027027027027,3.5157505377776848,105.47251613333054,28.063002151110737,77.0,9.0,472.0,2.2,0.543369890329013,488.0,0.8943836978131213,0.1285714285714286,0.559335874795381
62,Rocky Desert,Artunian Shovel,Rocky Desert,1.0,2.0,1.6,Artunian Shovel,10.0,750,335.0,40.2,3000.0,48.0,17.0,9.0,108.0,1113.0,5.7,1.5227794882471737,3.1,0.6621621621621622,4.720616413566239,141.61849240698717,34.382465654264955,107.0,13.0,660.0,3.1,0.3559322033898305,312.0,0.9381212723658051,0.2571428571428571,0.5591710271061283
72,Sandy Desert,Artunian Shovel,Sandy Desert,1.04,1.2,1.0,Artunian Shovel,10.0,750,335.0,40.2,1800.0,30.0,28.0,15.0,180.0,1185.0,5.9,1.5762103474839166,2.9,0.6891891891891891,4.571010007703358,137.13030023110073,32.78404003081343,104.0,12.0,638.0,3.0,0.3778664007976072,342.0,0.9306660039761432,0.24285714285714283,0.5584834646868824
35,Grass Coastline,Nanominer,Grass Coastline,1.14,1.1,1.0,Nanominer,1.5,120,197.5,23.7,264.0,4.5,191.0,105.0,1260.0,1852.5,6.0,1.602925777102288,1.9,0.8243243243243242,3.045558976494347,91.3667692948304,21.682235905977386,70.0,8.0,370.0,2.0,0.6450648055832503,794.0,0.8183399602385686,0.09999999999999998,0.5508554257704026
16,Grass Coastline,Bananominer,Grass Coastline,1.14,1.1,1.0,Bananominer,1.5,120,197.5,23.7,264.0,4.5,191.0,105.0,1260.0,1852.5,6.0,1.602925777102288,1.9,0.8243243243243242,3.045558976494347,91.3667692948304,21.682235905977386,70.0,8.0,370.0,2.0,0.6450648055832503,794.0,0.8183399602385686,0.09999999999999998,0.5508554257704026
26,Mushroom Forest,Nanominer,Mushroom Forest,0.88,2.0,1.4,Nanominer,1.5,120,197.5,23.7,480.0,6.299999999999999,105.0,58.0,696.0,1288.5,4.6,1.2289097624450873,2.7,0.7162162162162161,3.3180563586017358,99.54169075805207,26.772225434406945,73.0,9.0,482.0,2.1,0.5333998005982054,530.0,0.8839463220675944,0.11428571428571428,0.5478841832922137
7,Mushroom Forest,Bananominer,Mushroom Forest,0.88,2.0,1.4,Bananominer,1.5,120,197.5,23.7,480.0,6.299999999999999,105.0,58.0,696.0,1288.5,4.6,1.2289097624450873,2.7,0.7162162162162161,3.3180563586017358,99.54169075805207,26.772225434406945,73.0,9.0,482.0,2.1,0.5333998005982054,530.0,0.8839463220675944,0.11428571428571428,0.5478841832922137
80,Small Island,Large Capacitor,Small Island,0.89,2.1,1.5,Large Capacitor,20.0,1440,310.0,37.2,6048.0,90.0,8.0,4.0,48.0,978.0,5.0,1.3357714809185732,3.5,0.6081081081081081,4.675200183215006,140.25600549645017,36.200800732860024,104.0,12.0,696.0,3.0,0.3200398803589232,282.0,0.9455765407554672,0.24285714285714283,0.5470997232670067
75,Plains,Artunian Shovel,Plains,1.07,0.7,0.6,Artunian Shovel,10.0,750,335.0,40.2,1050.0,18.0,48.0,26.0,312.0,1317.0,6.0,1.602925777102288,2.6,0.7297297297297297,4.167607020465949,125.02821061397847,29.670428081863797,95.0,11.0,627.0,2.8,0.38883349950149554,416.0,0.9122763419483101,0.21428571428571422,0.545846300915487
77,Methane Swampland,Large Capacitor,Methane Swampland,0.82,3.5,2.3,Large Capacitor,20.0,1440,310.0,37.2,10080.0,138.0,5.0,3.0,36.0,966.0,4.8,1.2823406216818303,3.6,0.5945945945945946,4.616426238054589,138.49278714163768,36.46570495221836,102.0,12.0,725.0,3.0,0.29112662013958124,284.0,0.945079522862823,0.24285714285714283,0.5382269380441465
34,Sandy Desert,Nanominer,Sandy Desert,1.04,1.2,1.0,Nanominer,1.5,120,197.5,23.7,288.0,4.5,175.0,96.0,1152.0,1744.5,5.5,1.4693486290104307,2.0,0.8108108108108107,2.9386972580208615,88.16091774062585,21.754789032083444,66.0,8.0,403.0,1.9,0.6121635094715853,793.0,0.8185884691848907,0.08571428571428569,0.5367987262297176
15,Sandy Desert,Bananominer,Sandy Desert,1.04,1.2,1.0,Bananominer,1.5,120,197.5,23.7,288.0,4.5,175.0,96.0,1152.0,1744.5,5.5,1.4693486290104307,2.0,0.8108108108108107,2.9386972580208615,88.16091774062585,21.754789032083444,66.0,8.0,403.0,1.9,0.6121635094715853,793.0,0.8185884691848907,0.08571428571428569,0.5367987262297176
56,Plains,Advanced TD,Plains,1.07,0.7,0.6,Advanced TD,2.5,80,360.0,43.2,112.0,4.5,450.0,248.0,2976.0,4056.0,14.2,3.7935910058087483,0.9,0.9594594594594593,3.4142319052278736,102.42695715683621,18.156927620911496,84.0,10.0,285.0,2.4,0.7298105682951147,1449.0,0.6555666003976143,0.1571428571428571,0.5283126677904373
17,Grassland,Bananominer,Grassland,1.13,1.0,0.9,Bananominer,1.5,120,197.5,23.7,240.0,4.050000000000001,210.0,116.0,1392.0,1984.5,6.0,1.602925777102288,1.7,0.8513513513513513,2.7249738210738896,81.74921463221669,19.39989528429556,62.0,7.0,370.0,1.8,0.6450648055832503,960.0,0.7770874751491054,0.07142857142857142,0.5257830031631887
36,Grassland,Nanominer,Grassland,1.13,1.0,0.9,Nanominer,1.5,120,197.5,23.7,240.0,4.050000000000001,210.0,116.0,1392.0,1984.5,6.0,1.602925777102288,1.7,0.8513513513513513,2.7249738210738896,81.74921463221669,19.39989528429556,62.0,7.0,370.0,1.8,0.6450648055832503,960.0,0.7770874751491054,0.07142857142857142,0.5257830031631887
131,Grassland,ExoGloves,Grassland,1.13,1.0,0.9,ExoGloves,1.0,40,18.0,2.2,80.0,2.7,630.0,346.0,4152.0,4206.0,11.9,3.1791361245862046,0.8,0.9729729729729729,2.543308899668964,76.29926699006892,14.173235598675856,62.0,7.0,17.0,1.8,0.9970089730807578,2035.0,0.5099403578528827,0.07142857142857142,0.5245074064939519
59,Mountains,Artunian Shovel,Mountains,0.92,3.0,2.2,Artunian Shovel,10.0,750,335.0,40.2,4500.0,66.0,11.0,6.0,72.0,1077.0,5.1,1.3624869105369448,3.2,0.6486486486486486,4.359958113718224,130.79874341154672,33.4398324548729,97.0,12.0,738.0,2.8,0.2781655034895314,333.0,0.9329025844930418,0.21428571428571422,0.5208963991297904
64,Mushroom Forest,Artunian Shovel,Mushroom Forest,0.88,2.0,1.4,Artunian Shovel,10.0,750,335.0,40.2,3000.0,42.0,17.0,9.0,108.0,1113.0,5.0,1.3357714809185732,3.1,0.6621621621621622,4.140891590847577,124.22674772542732,32.06356636339031,92.0,11.0,752.0,2.7,0.2642073778664008,363.0,0.9254473161033797,0.19999999999999998,0.5094411398012721
61,Small Island,Artunian Shovel,Small Island,0.89,2.1,1.5,Artunian Shovel,10.0,750,335.0,40.2,3150.0,45.0,16.0,9.0,108.0,1113.0,5.0,1.3357714809185732,3.1,0.6621621621621622,4.140891590847577,124.22674772542732,32.06356636339031,92.0,11.0,752.0,2.7,0.2642073778664008,363.0,0.9254473161033797,0.19999999999999998,0.5094411398012721
0,Active Volcano,Bananominer,Active Volcano,0.63,5.0,2.5,Bananominer,1.5,120,197.5,23.7,1200.0,11.25,42.0,23.0,276.0,868.5,3.3,0.8816091774062583,4.0,0.5405405405405405,3.5264367096250333,105.793101288751,34.10574683850014,72.0,9.0,672.0,2.1,0.3439680957128614,362.0,0.9256958250497018,0.11428571428571428,0.5077544730194534
19,Active Volcano,Nanominer,Active Volcano,0.63,5.0,2.5,Nanominer,1.5,120,197.5,23.7,1200.0,11.25,42.0,23.0,276.0,868.5,3.3,0.8816091774062583,4.0,0.5405405405405405,3.5264367096250333,105.793101288751,34.10574683850014,72.0,9.0,672.0,2.1,0.3439680957128614,362.0,0.9256958250497018,0.11428571428571428,0.5077544730194534
152,Active Volcano,Basic Explosive,Active Volcano,0.63,5.0,2.5,Basic Explosive,18.0,1200,265.0,31.8,12000.0,135.0,4.0,2.0,24.0,819.0,3.8,1.0151863254981157,4.2,0.5135135135135135,4.263782567092086,127.91347701276258,38.055130268368345,90.0,11.0,783.0,2.6,0.2333000997008973,273.0,0.9478131212723658,0.1857142857142857,0.5048295641335012
58,Methane Swampland,Artunian Shovel,Methane Swampland,0.82,3.5,2.3,Artunian Shovel,10.0,750,335.0,40.2,5250.0,69.0,10.0,6.0,72.0,1077.0,4.8,1.2823406216818303,3.2,0.6486486486486486,4.103489989381857,123.10469968145571,32.413959957527425,91.0,11.0,784.0,2.6,0.23230309072781655,355.0,0.9274353876739563,0.1857142857142857,0.4963793680022132
76,Active Volcano,Large Capacitor,Active Volcano,0.63,5.0,2.5,Large Capacitor,20.0,1440,310.0,37.2,14400.0,150.0,4.0,2.0,24.0,954.0,4.2,1.1220480439716016,3.6,0.5945945945945946,4.039372958297766,121.18118874893297,34.15749183319106,87.0,10.0,829.0,2.5,0.18743768693918245,329.0,0.93389662027833,0.1714285714285714,0.4812185256216581
37,Plains,Nanominer,Plains,1.07,0.7,0.6,Nanominer,1.5,120,197.5,23.7,168.0,2.6999999999999997,300.0,165.0,1980.0,2572.5,5.7,1.5227794882471737,1.3,0.9054054054054054,1.9796133347213258,59.38840004163978,14.418453338885303,45.0,5.0,389.0,1.3,0.6261216350947159,1715.0,0.5894632206759444,0.0,0.4236217787987925
18,Plains,Bananominer,Plains,1.07,0.7,0.6,Bananominer,1.5,120,197.5,23.7,168.0,2.6999999999999997,300.0,165.0,1980.0,2572.5,5.7,1.5227794882471737,1.3,0.9054054054054054,1.9796133347213258,59.38840004163978,14.418453338885303,45.0,5.0,389.0,1.3,0.6261216350947159,1715.0,0.5894632206759444,0.0,0.4236217787987925
57,Active Volcano,Artunian Shovel,Active Volcano,0.63,5.0,2.5,Artunian Shovel,10.0,750,335.0,40.2,7500.0,75.0,7.0,4.0,48.0,1053.0,3.7,0.9884708958797443,3.3,0.6351351351351351,3.2619539564031563,97.8586186920947,29.547815825612627,68.0,8.0,1017.0,2.0,0.0,465.0,0.9000994035785288,0.09999999999999998,0.3900397614314115
132,Plains,ExoGloves,Plains,1.07,0.7,0.6,ExoGloves,1.0,40,18.0,2.2,56.0,1.7999999999999998,900.0,495.0,5940.0,5994.0,11.3,3.018843546875976,0.6,1.0,1.8113061281255856,54.339183843767564,10.245224512502343,44.0,5.0,18.0,1.3,0.996011964107677,4087.0,0.0,0.0,0.2988035892323031
