land,tool,charge_time_land,price,price_USDT,charge_time,cpu,wax_stake_peracc,wax_total_cost_peracc,tlm_peracc_daily,accounts,wax_net_monthly,USD_net_monthly,ROI_tool_each_acc,percent_interest_monthly,interval_new_acc,score
Icy Mountains,Basic Trilium Detector,2.0,149.9,18.0,680.0,41.0,492.0,941.7,11.8,3.7,285.0,34.0,143.0,8.3,99.0,0.957837223914737
Icy Desert,Basic Trilium Detector,1.7,149.9,18.0,578.0,48.0,576.0,1025.7,12.4,3.4,276.0,33.0,136.0,8.0,111.0,0.9458809569587177
Geothermal Springs,Basic Trilium Detector,1.5,149.9,18.0,510.0,54.0,648.0,1097.7,13.3,3.1,271.0,33.0,127.0,7.9,122.0,0.9431937275365043
Dormant Volcano,Basic Trilium Detector,2.5,149.9,18.0,850.0,32.0,384.0,833.7,10.4,4.1,276.0,33.0,162.0,8.0,91.0,0.9400923585392642
Rocky Coastline,Basic Trilium Detector,2.0,149.9,18.0,680.0,41.0,492.0,941.7,11.2,3.7,269.0,32.0,150.0,7.8,105.0,0.9337185121715228
Mountains,Basic Trilium Detector,3.0,149.9,18.0,1020.0,27.0,324.0,773.7,9.1,4.5,262.0,31.0,185.0,7.6,89.0,0.9162689466392075
Dormant Volcano,Standard Drill,2.5,50.9,6.1,600.0,46.0,552.0,704.7,7.4,4.9,227.0,27.0,77.0,6.6,93.0,0.9053172801957661
Geothermal Springs,Infused Extractor,1.5,257.0,30.9,1080.0,26.0,312.0,1083.0,12.6,3.2,264.0,32.0,229.0,7.7,123.0,0.9040144208102756
Mountains,Standard Drill,3.0,50.9,6.1,720.0,38.0,456.0,608.7,6.5,5.7,229.0,27.0,88.0,6.6,80.0,0.9033193971054743
Geothermal Springs,Power Extractor,1.5,172.0,20.7,810.0,34.0,408.0,924.0,10.4,3.7,249.0,30.0,186.0,7.2,111.0,0.8966401080767921
Icy Mountains,Power Extractor,2.0,172.0,20.7,1080.0,26.0,312.0,828.0,9.4,4.2,253.0,30.0,205.0,7.3,98.0,0.8965351177368206
Icy Mountains,Standard Drill,2.0,50.9,6.1,480.0,58.0,696.0,848.7,8.4,4.1,219.0,26.0,68.0,6.3,116.0,0.8928657792597781
Methane Swampland,Standard Drill,3.5,50.9,6.1,840.0,33.0,396.0,548.7,5.8,6.3,222.0,27.0,99.0,6.4,74.0,0.8920542603940521
Icy Desert,Power Extractor,1.7,172.0,20.7,918.0,30.0,360.0,876.0,9.8,3.9,246.0,30.0,197.0,7.1,107.0,0.8894618784940266
Inland River,Basic Trilium Detector,1.5,149.9,18.0,510.0,54.0,648.0,1097.7,11.6,3.1,234.0,28.0,145.0,6.8,141.0,0.8887783539469634
Methane Swampland,Basic Trilium Detector,3.5,149.9,18.0,1190.0,23.0,276.0,725.7,8.1,4.8,246.0,30.0,208.0,7.1,88.0,0.8880604168749078
Rocky Desert,Basic Trilium Detector,2.0,149.9,18.0,680.0,41.0,492.0,941.7,9.9,3.7,236.0,28.0,170.0,6.8,120.0,0.883388261797963
Icy Mountains,Infused Extractor,2.0,257.0,30.9,1440.0,19.0,228.0,999.0,11.2,3.5,255.0,31.0,258.0,7.4,118.0,0.8829803177799744
Icy Desert,Infused Extractor,1.7,257.0,30.9,1224.0,23.0,276.0,1047.0,11.7,3.3,252.0,30.0,247.0,7.3,125.0,0.8812889080557249
Geothermal Springs,Gasrigged Extractor,1.5,210.0,25.2,1620.0,17.0,204.0,834.0,9.4,4.1,247.0,30.0,251.0,7.2,101.0,0.8781924688870055
Rocky Coastline,Power Extractor,2.0,172.0,20.7,1080.0,26.0,312.0,828.0,8.9,4.2,239.0,29.0,217.0,6.9,104.0,0.8752066068197
Icy Desert,Standard Drill,1.7,50.9,6.1,408.0,68.0,816.0,968.7,8.9,3.6,205.0,25.0,64.0,5.9,142.0,0.8743348398428685
Rocky Coastline,Standard Drill,2.0,50.9,6.1,480.0,58.0,696.0,848.7,7.9,4.1,204.0,24.0,72.0,5.9,125.0,0.8736318791424648
Dormant Volcano,Power Extractor,2.5,172.0,20.7,1350.0,20.0,240.0,756.0,8.2,4.6,239.0,29.0,236.0,6.9,95.0,0.870418287879899
Tree Forest,Basic Trilium Detector,1.3,149.9,18.0,442.0,63.0,756.0,1205.7,11.5,2.9,217.0,26.0,146.0,6.3,167.0,0.8644661867847183
Sandy Coastline,Basic Trilium Detector,1.5,149.9,18.0,510.0,54.0,648.0,1097.7,10.8,3.1,217.0,26.0,156.0,6.3,152.0,0.8629662135434084
Dunes,Basic Trilium Detector,1.5,149.9,18.0,510.0,54.0,648.0,1097.7,10.8,3.1,217.0,26.0,156.0,6.3,152.0,0.8629662135434084
Active Volcano,Standard Drill,5.0,50.9,6.1,1200.0,23.0,276.0,428.7,4.4,8.0,204.0,24.0,130.0,5.9,63.0,0.8624469448796468
Rocky Coastline,Infused Extractor,2.0,257.0,30.9,1440.0,19.0,228.0,999.0,10.6,3.5,240.0,29.0,272.0,7.0,125.0,0.8609541979004763
Geothermal Springs,Standard Drill,1.5,50.9,6.1,360.0,77.0,924.0,1076.7,9.4,3.2,193.0,23.0,61.0,5.6,167.0,0.8598899155982775
Icy Desert,Gasrigged Extractor,1.7,210.0,25.2,1836.0,15.0,180.0,810.0,8.7,4.3,238.0,29.0,271.0,6.9,102.0,0.8592538686128494
Small Island,Basic Trilium Detector,2.1,149.9,18.0,714.0,39.0,468.0,917.7,8.9,3.8,216.0,26.0,189.0,6.3,127.0,0.8555809141731295
Inland River,Infused Extractor,1.5,257.0,30.9,1080.0,26.0,312.0,1083.0,11.1,3.2,231.0,28.0,260.0,6.7,141.0,0.850095830089963
Icy Mountains,Gasrigged Extractor,2.0,210.0,25.2,2160.0,13.0,156.0,786.0,8.3,4.4,232.0,28.0,284.0,6.7,102.0,0.8467941050464058
Inland River,Power Extractor,1.5,172.0,20.7,810.0,34.0,408.0,924.0,9.1,3.7,215.0,26.0,212.0,6.2,129.0,0.8442170308161004
Rocky Desert,Standard Drill,2.0,50.9,6.1,480.0,58.0,696.0,848.7,7.1,4.1,182.0,22.0,81.0,5.3,140.0,0.8437346155229285
Dormant Volcano,Infused Extractor,2.5,257.0,30.9,1800.0,15.0,180.0,951.0,9.9,3.6,230.0,28.0,292.0,6.7,124.0,0.8422144047833777
Geothermal Springs,Power Saw,1.5,215.0,25.8,1080.0,26.0,312.0,957.0,9.5,3.6,220.0,26.0,254.0,6.4,130.0,0.8401267427481827
Mushroom Forest,Basic Trilium Detector,2.0,149.9,18.0,680.0,41.0,492.0,941.7,8.7,3.7,205.0,25.0,193.0,5.9,138.0,0.8361482068987585
Mountains,Power Extractor,3.0,172.0,20.7,1620.0,17.0,204.0,720.0,7.2,4.8,216.0,26.0,268.0,6.3,100.0,0.8346356981313939
Rocky Desert,Power Extractor,2.0,172.0,20.7,1080.0,26.0,312.0,828.0,7.9,4.2,209.0,25.0,244.0,6.1,119.0,0.831354066174099
Tree Forest,Infused Extractor,1.3,257.0,30.9,936.0,30.0,360.0,1131.0,10.9,3.1,219.0,26.0,265.0,6.3,155.0,0.830065809388081
Tree Forest,Power Extractor,1.3,172.0,20.7,702.0,40.0,480.0,996.0,9.1,3.5,204.0,24.0,212.0,5.9,146.0,0.8296700271239674
Active Volcano,Basic Trilium Detector,5.0,149.9,18.0,1700.0,16.0,192.0,641.7,6.3,5.4,209.0,25.0,267.0,6.1,92.0,0.8271586008801202
Active Volcano,ExoGloves,5.0,18.0,2.2,400.0,69.0,828.0,882.0,6.6,3.9,159.0,19.0,31.0,4.6,166.0,0.8261052570773904
Grass Coastline,Basic Trilium Detector,1.1,149.9,18.0,374.00000000000006,74.0,888.0,1337.7,11.3,2.6,191.0,23.0,149.0,5.5,210.0,0.8250088105464917
Rocky Coastline,Gasrigged Extractor,2.0,210.0,25.2,2160.0,13.0,156.0,786.0,7.8,4.4,216.0,26.0,302.0,6.3,109.0,0.8235715743992108
Inland River,Gasrigged Extractor,1.5,210.0,25.2,1620.0,17.0,204.0,834.0,8.2,4.1,213.0,26.0,288.0,6.2,117.0,0.8226780691722051
Icy Mountains,Power Saw,2.0,215.0,25.8,1440.0,19.0,228.0,873.0,8.4,4.0,213.0,26.0,287.0,6.2,123.0,0.8223807503929563
Sandy Coastline,Power Extractor,1.5,172.0,20.7,810.0,34.0,408.0,924.0,8.5,3.7,200.0,24.0,227.0,5.8,139.0,0.8215935975090916
Dunes,Power Extractor,1.5,172.0,20.7,810.0,34.0,408.0,924.0,8.5,3.7,200.0,24.0,227.0,5.8,139.0,0.8215935975090916
Sandy Coastline,Infused Extractor,1.5,257.0,30.9,1080.0,26.0,312.0,1083.0,10.3,3.2,213.0,26.0,280.0,6.2,153.0,0.8214923618805612
Dunes,Infused Extractor,1.5,257.0,30.9,1080.0,26.0,312.0,1083.0,10.3,3.2,213.0,26.0,280.0,6.2,153.0,0.8214923618805612
Dormant Volcano,Gasrigged Extractor,2.5,210.0,25.2,2700.0,10.0,120.0,750.0,7.5,4.6,217.0,26.0,314.0,6.3,104.0,0.8204793599887641
Inland River,Standard Drill,1.5,50.9,6.1,360.0,77.0,924.0,1076.7,8.2,3.2,166.0,20.0,70.0,4.8,195.0,0.820128976886438
Methane Swampland,ExoGloves,3.5,18.0,2.2,280.0,99.0,1188.0,1242.0,8.7,2.8,155.0,19.0,23.0,4.5,240.0,0.8168564995159366
Icy Desert,Power Saw,1.7,215.0,25.8,1224.0,23.0,276.0,921.0,8.8,3.7,208.0,25.0,274.0,6.0,133.0,0.8167036210312544
Small Island,Standard Drill,2.1,50.9,6.1,504.0,55.0,660.0,812.7,6.3,4.2,163.0,20.0,91.0,4.7,150.0,0.8140352671041123
Tree Forest,Gasrigged Extractor,1.3,210.0,25.2,1404.0,20.0,240.0,870.0,8.2,4.0,208.0,25.0,288.0,6.0,125.0,0.8133114119725459
Sandy Desert,Basic Trilium Detector,1.2,149.9,18.0,408.0,68.0,816.0,1265.7,10.4,2.7,182.0,22.0,162.0,5.3,209.0,0.812648450558577
Grass Coastline,Infused Extractor,1.1,257.0,30.9,792.0000000000001,35.0,420.0,1191.0,10.8,2.9,203.0,24.0,267.0,5.9,176.0,0.8102372717122701
Rocky Desert,Infused Extractor,2.0,257.0,30.9,1440.0,19.0,228.0,999.0,9.4,3.5,211.0,25.0,307.0,6.1,142.0,0.8102243142767098
Grassland,Basic Trilium Detector,1.0,149.9,18.0,340.0,81.0,972.0,1421.7,11.2,2.4,175.0,21.0,150.0,5.1,244.0,0.8041871290417302
Methane Swampland,Power Extractor,3.5,172.0,20.7,1890.0,15.0,180.0,696.0,6.5,5.0,201.0,24.0,297.0,5.8,104.0,0.8041355343229046
Mountains,ExoGloves,3.0,18.0,2.2,240.0,116.0,1392.0,1446.0,9.7,2.4,150.0,18.0,21.0,4.3,289.0,0.8040125009804441
Mushroom Forest,Standard Drill,2.0,50.9,6.1,480.0,58.0,696.0,848.7,6.2,4.1,156.0,19.0,92.0,4.5,163.0,0.8038724893198848
Sandy Coastline,Standard Drill,1.5,50.9,6.1,360.0,77.0,924.0,1076.7,7.6,3.2,153.0,18.0,75.0,4.4,211.0,0.7999001490274986
Dunes,Standard Drill,1.5,50.9,6.1,360.0,77.0,924.0,1076.7,7.6,3.2,153.0,18.0,75.0,4.4,211.0,0.7999001490274986
Grass Coastline,Power Extractor,1.1,172.0,20.7,594.0,47.0,564.0,1080.0,8.9,3.2,182.0,22.0,217.0,5.3,178.0,0.7992793134371381
Geothermal Springs,Basic Explosive,1.5,265.0,31.8,3600.0,8.0,96.0,891.0,8.5,3.9,211.0,25.0,350.0,6.1,127.0,0.7988539522019004
Rocky Coastline,Power Saw,2.0,215.0,25.8,1440.0,19.0,228.0,873.0,7.9,4.0,199.0,24.0,306.0,5.8,132.0,0.7986603098967795
Grassland,Infused Extractor,1.0,257.0,30.9,720.0,38.0,456.0,1227.0,10.6,2.8,192.0,23.0,272.0,5.6,192.0,0.794294158139045
Dormant Volcano,ExoGloves,2.5,18.0,2.2,200.0,139.0,1668.0,1722.0,11.1,2.0,144.0,17.0,18.0,4.2,359.0,0.7936658442734845
Dunes,Gasrigged Extractor,1.5,210.0,25.2,1620.0,17.0,204.0,834.0,7.6,4.1,196.0,24.0,310.0,5.7,128.0,0.7935757991574836
Sandy Coastline,Gasrigged Extractor,1.5,210.0,25.2,1620.0,17.0,204.0,834.0,7.6,4.1,196.0,24.0,310.0,5.7,128.0,0.7935757991574836
Small Island,Power Extractor,2.1,172.0,20.7,1134.0,24.0,288.0,804.0,6.9,4.3,185.0,22.0,280.0,5.4,130.0,0.7894929299010098
Dormant Volcano,Power Saw,2.5,215.0,25.8,1800.0,15.0,180.0,825.0,7.4,4.2,195.0,23.0,326.0,5.7,127.0,0.7888895596652248
Tree Forest,Standard Drill,1.3,50.9,6.1,312.0,89.0,1068.0,1220.7,8.2,2.8,145.0,17.0,70.0,4.2,253.0,0.7886492836174804
Inland River,Power Saw,1.5,215.0,25.8,1080.0,26.0,312.0,957.0,8.3,3.6,190.0,23.0,291.0,5.5,151.0,0.7884010394264522
Mountains,Infused Extractor,3.0,257.0,30.9,2160.0,13.0,156.0,927.0,8.5,3.7,200.0,24.0,340.0,5.8,139.0,0.7877949933216539
Grass Coastline,Gasrigged Extractor,1.1,210.0,25.2,1188.0,23.0,276.0,906.0,7.9,3.8,190.0,23.0,299.0,5.5,143.0,0.786803446519289
Grassland,Power Extractor,1.0,172.0,20.7,540.0,51.0,612.0,1128.0,8.8,3.1,174.0,21.0,219.0,5.0,194.0,0.7842335079396856
Grassland,Gasrigged Extractor,1.0,210.0,25.2,1080.0,26.0,312.0,942.0,8.0,3.7,187.0,22.0,295.0,5.4,151.0,0.7829189143730411
Mountains,Gasrigged Extractor,3.0,210.0,25.2,3240.0,9.0,108.0,738.0,6.7,4.7,195.0,23.0,352.0,5.7,114.0,0.7824051361960696
Rocky Desert,Gasrigged Extractor,2.0,210.0,25.2,2160.0,13.0,156.0,786.0,7.0,4.4,192.0,23.0,337.0,5.6,123.0,0.7817113300824592
Sandy Desert,Power Extractor,1.2,172.0,20.7,648.0,43.0,516.0,1032.0,8.2,3.3,171.0,21.0,236.0,5.0,181.0,0.7804410086978486
Mushroom Forest,Power Extractor,2.0,172.0,20.7,1080.0,26.0,312.0,828.0,6.9,4.2,180.0,22.0,280.0,5.2,138.0,0.7801262727013507
Sandy Desert,Infused Extractor,1.2,257.0,30.9,864.0,32.0,384.0,1155.0,9.7,3.0,187.0,22.0,298.0,5.4,185.0,0.7786418846272882
Tree Forest,Power Saw,1.3,215.0,25.8,936.0,30.0,360.0,1005.0,8.2,3.4,177.0,21.0,294.0,5.1,170.0,0.7684722062157747
Sandy Desert,Gasrigged Extractor,1.2,210.0,25.2,1296.0,21.0,252.0,882.0,7.4,3.9,181.0,22.0,319.0,5.2,146.0,0.7676660390880752
Icy Mountains,ExoGloves,2.0,18.0,2.2,160.0,173.0,2076.0,2130.0,12.6,1.6,132.0,16.0,16.0,3.8,484.0,0.7646957451983725
Dunes,Power Saw,1.5,215.0,25.8,1080.0,26.0,312.0,957.0,7.7,3.6,175.0,21.0,314.0,5.1,164.0,0.7630865738484631
Sandy Coastline,Power Saw,1.5,215.0,25.8,1080.0,26.0,312.0,957.0,7.7,3.6,175.0,21.0,314.0,5.1,164.0,0.7630865738484631
Small Island,Infused Extractor,2.1,257.0,30.9,1512.0,18.0,216.0,987.0,8.3,3.5,184.0,22.0,348.0,5.3,161.0,0.7617867216300545
Icy Desert,Basic Explosive,1.7,265.0,31.8,4080.0,7.0,84.0,879.0,7.7,3.9,189.0,23.0,386.0,5.5,140.0,0.7610797230574677
Mushroom Forest,Infused Extractor,2.0,257.0,30.9,1440.0,19.0,228.0,999.0,8.2,3.5,182.0,22.0,352.0,5.3,165.0,0.7601926965482422
Rocky Desert,Power Saw,2.0,215.0,25.8,1440.0,19.0,228.0,873.0,7.1,4.0,177.0,21.0,340.0,5.1,148.0,0.7569003611148943
Methane Swampland,Infused Extractor,3.5,257.0,30.9,2520.0,11.0,132.0,903.0,7.7,3.8,184.0,22.0,375.0,5.3,147.0,0.7551025990475039
Rocky Coastline,ExoGloves,2.0,18.0,2.2,160.0,173.0,2076.0,2130.0,11.9,1.6,124.0,15.0,17.0,3.6,515.0,0.7527437030006261
Grass Coastline,Power Saw,1.1,215.0,25.8,792.0000000000001,35.0,420.0,1065.0,8.1,3.2,164.0,20.0,298.0,4.8,195.0,0.7519335631277142
Icy Mountains,Advanced TD,2.0,360.0,43.2,320.0,87.0,1044.0,2124.0,15.8,1.6,168.0,20.0,256.0,4.9,379.0,0.750491332024942
Grass Coastline,Standard Drill,1.1,50.9,6.1,264.0,105.0,1260.0,1412.7,8.0,2.4,121.0,15.0,71.0,3.5,350.0,0.7487080338082599
Geothermal Springs,Advanced TD,1.5,360.0,43.2,240.0,116.0,1392.0,2472.0,17.6,1.4,164.0,20.0,230.0,4.8,452.0,0.7467258264966532
Icy Desert,Advanced TD,1.7,360.0,43.2,272.0,102.0,1224.0,2304.0,16.5,1.5,164.0,20.0,245.0,4.8,421.0,0.7453207970521833
Sandy Desert,Standard Drill,1.2,50.9,6.1,288.0,96.0,1152.0,1304.7,7.3,2.6,119.0,14.0,78.0,3.4,329.0,0.7444160758281815
Inland River,Basic Explosive,1.5,265.0,31.8,3600.0,8.0,96.0,891.0,7.4,3.9,181.0,22.0,402.0,5.2,148.0,0.7426417085013066
Small Island,Gasrigged Extractor,2.1,210.0,25.2,2268.0,12.0,144.0,774.0,6.2,4.5,171.0,21.0,380.0,5.0,136.0,0.741843382094557
Icy Mountains,Basic Explosive,2.0,265.0,31.8,4800.0,6.0,72.0,867.0,7.2,4.0,180.0,22.0,413.0,5.2,144.0,0.7397491932042555
Dormant Volcano,Advanced TD,2.5,360.0,43.2,400.0,69.0,828.0,1908.0,13.9,1.8,165.0,20.0,291.0,4.8,347.0,0.7389179380348021
Icy Desert,ExoGloves,1.7,18.0,2.2,136.0,204.0,2448.0,2502.0,13.2,1.4,121.0,15.0,15.0,3.5,620.0,0.7386188183532334
Mountains,Power Saw,3.0,215.0,25.8,2160.0,13.0,156.0,801.0,6.4,4.3,170.0,20.0,377.0,4.9,141.0,0.7379579579919713
Grassland,Power Saw,1.0,215.0,25.8,720.0,38.0,456.0,1101.0,7.9,3.1,155.0,19.0,306.0,4.5,213.0,0.7348943343216587
Plains,Infused Extractor,0.7,257.0,30.9,503.99999999999994,55.0,660.0,1431.0,10.1,2.4,156.0,19.0,286.0,4.5,275.0,0.734713366291356
Tree Forest,Basic Explosive,1.3,265.0,31.8,3120.0,9.0,108.0,903.0,7.3,3.8,174.0,21.0,408.0,5.0,156.0,0.7314804351501021
Rocky Coastline,Advanced TD,2.0,360.0,43.2,320.0,87.0,1044.0,2124.0,14.9,1.6,158.0,19.0,271.0,4.6,403.0,0.7307619629042439
Mushroom Forest,Gasrigged Extractor,2.0,210.0,25.2,2160.0,13.0,156.0,786.0,6.1,4.4,164.0,20.0,387.0,4.8,144.0,0.7303830060514283
Plains,Gasrigged Extractor,0.7,210.0,25.2,756.0,37.0,444.0,1074.0,7.6,3.2,153.0,18.0,310.0,4.4,211.0,0.7296110164253052
Grass Coastline,Basic Explosive,1.1,265.0,31.8,2640.0,10.0,120.0,915.0,7.2,3.8,171.0,21.0,413.0,5.0,161.0,0.7294879037978368
Active Volcano,Power Extractor,5.0,172.0,20.7,2700.0,10.0,120.0,636.0,5.0,5.4,161.0,19.0,386.0,4.7,119.0,0.7288814839208588
Sandy Desert,Power Saw,1.2,215.0,25.8,864.0,32.0,384.0,1029.0,7.3,3.4,155.0,19.0,331.0,4.5,199.0,0.7288084171229566
Plains,Basic Trilium Detector,0.7,149.9,18.0,237.99999999999997,117.0,1404.0,1853.7,10.7,1.9,132.0,16.0,157.0,3.8,421.0,0.7287846910843725
Grassland,Standard Drill,1.0,50.9,6.1,240.0,116.0,1392.0,1544.7,7.9,2.2,110.0,13.0,72.0,3.2,421.0,0.7284941341836462
Rocky Desert,ExoGloves,2.0,18.0,2.2,160.0,173.0,2076.0,2130.0,10.6,1.6,110.0,13.0,19.0,3.2,581.0,0.7284420042910179
Methane Swampland,Gasrigged Extractor,3.5,210.0,25.2,3780.0,7.0,84.0,714.0,5.7,4.8,166.0,20.0,414.0,4.8,129.0,0.7237982870474065
Geothermal Springs,Large Capacitor,1.5,310.0,37.2,4320.0,7.0,84.0,1014.0,8.1,3.4,174.0,21.0,430.0,5.0,175.0,0.7230115079357214
Plains,Power Extractor,0.7,172.0,20.7,378.0,73.0,876.0,1392.0,8.4,2.5,133.0,16.0,230.0,3.9,314.0,0.7218720917622028
Rocky Coastline,Basic Explosive,2.0,265.0,31.8,4800.0,6.0,72.0,867.0,6.8,4.0,169.0,20.0,438.0,4.9,154.0,0.7184204472637187
Grassland,Basic Explosive,1.0,265.0,31.8,2400.0,12.0,144.0,939.0,7.1,3.7,164.0,20.0,419.0,4.8,172.0,0.7180284197110457
Small Island,ExoGloves,2.1,18.0,2.2,168.0,165.0,1980.0,2034.0,9.4,1.7,102.0,12.0,22.0,3.0,598.0,0.7172834068088265
Dunes,Basic Explosive,1.5,265.0,31.8,3600.0,8.0,96.0,891.0,6.9,3.9,167.0,20.0,431.0,4.8,160.0,0.715632030350301
Sandy Coastline,Basic Explosive,1.5,265.0,31.8,3600.0,8.0,96.0,891.0,6.9,3.9,167.0,20.0,431.0,4.8,160.0,0.715632030350301
Geothermal Springs,ExoGloves,1.5,18.0,2.2,120.0,231.0,2772.0,2826.0,14.1,1.2,112.0,13.0,14.0,3.2,757.0,0.7124424879295654
Small Island,Power Saw,2.1,215.0,25.8,1512.0,18.0,216.0,861.0,6.2,4.0,152.0,18.0,389.0,4.4,170.0,0.7100574504829731
Mushroom Forest,Power Saw,2.0,215.0,25.8,1440.0,19.0,228.0,873.0,6.2,4.0,152.0,18.0,389.0,4.4,172.0,0.7098586433259155
Methane Swampland,Power Saw,3.5,215.0,25.8,2520.0,11.0,132.0,777.0,5.8,4.4,155.0,19.0,416.0,4.5,150.0,0.7082554636573098
Mountains,Advanced TD,3.0,360.0,43.2,480.0,58.0,696.0,1776.0,12.1,1.9,150.0,18.0,334.0,4.3,355.0,0.7038327222252583
Sandy Desert,Basic Explosive,1.2,265.0,31.8,2880.0,10.0,120.0,915.0,6.8,3.8,160.0,19.0,438.0,4.6,172.0,0.7037740399930569
Dormant Volcano,Basic Explosive,2.5,265.0,31.8,6000.0,4.0,48.0,843.0,6.4,4.1,162.0,19.0,465.0,4.7,156.0,0.7015744388532783
Mushroom Forest,ExoGloves,2.0,18.0,2.2,160.0,173.0,2076.0,2130.0,9.3,1.6,95.0,11.0,22.0,2.8,673.0,0.701256709847736
Inland River,Advanced TD,1.5,360.0,43.2,240.0,116.0,1392.0,2472.0,15.4,1.4,143.0,17.0,263.0,4.1,519.0,0.7001953979017222
Rocky Desert,Advanced TD,2.0,360.0,43.2,320.0,87.0,1044.0,2124.0,13.3,1.6,140.0,17.0,304.0,4.1,455.0,0.6942940165586738
Methane Swampland,Advanced TD,3.5,360.0,43.2,560.0,50.0,600.0,1680.0,10.9,2.1,148.0,18.0,371.0,4.3,341.0,0.6941575727234655
Icy Mountains,Large Capacitor,2.0,310.0,37.2,5760.0,5.0,60.0,990.0,7.2,3.5,158.0,19.0,483.0,4.6,188.0,0.6887239616000054
Plains,Basic Explosive,0.7,265.0,31.8,1680.0,16.0,192.0,987.0,6.8,3.5,148.0,18.0,438.0,4.3,200.0,0.6881335969371069
Inland River,ExoGloves,1.5,18.0,2.2,120.0,231.0,2772.0,2826.0,12.3,1.2,97.0,12.0,16.0,2.8,874.0,0.6830712067149871
Plains,Power Saw,0.7,215.0,25.8,503.99999999999994,55.0,660.0,1305.0,7.6,2.6,124.0,15.0,318.0,3.6,316.0,0.6824951048586703
Tree Forest,Advanced TD,1.3,360.0,43.2,208.0,133.0,1596.0,2676.0,15.2,1.3,131.0,16.0,266.0,3.8,613.0,0.677097010587097
Sandy Coastline,Advanced TD,1.5,360.0,43.2,240.0,116.0,1392.0,2472.0,14.3,1.4,132.0,16.0,283.0,3.8,562.0,0.6770818473293553
Dunes,Advanced TD,1.5,360.0,43.2,240.0,116.0,1392.0,2472.0,14.3,1.4,132.0,16.0,283.0,3.8,562.0,0.6770818473293553
Icy Desert,Large Capacitor,1.7,310.0,37.2,4896.0,6.0,72.0,1002.0,7.1,3.4,151.0,18.0,490.0,4.4,199.0,0.6769653748212903
Inland River,Large Capacitor,1.5,310.0,37.2,4320.0,7.0,84.0,1014.0,7.1,3.4,151.0,18.0,490.0,4.4,201.0,0.6767665676642325
Rocky Desert,Basic Explosive,2.0,265.0,31.8,4800.0,6.0,72.0,867.0,6.0,4.0,147.0,18.0,496.0,4.3,177.0,0.6730719231116646
Active Volcano,Infused Extractor,5.0,257.0,30.9,3600.0,8.0,96.0,867.0,5.9,4.0,144.0,17.0,489.0,4.2,181.0,0.6704823133553048
Small Island,Advanced TD,2.1,360.0,43.2,336.0,82.0,984.0,2064.0,11.8,1.7,131.0,16.0,343.0,3.8,473.0,0.6679826043029673
Dunes,ExoGloves,1.5,18.0,2.2,120.0,231.0,2772.0,2826.0,11.5,1.2,90.0,11.0,18.0,2.6,942.0,0.6671421294197499
Sandy Coastline,ExoGloves,1.5,18.0,2.2,120.0,231.0,2772.0,2826.0,11.5,1.2,90.0,11.0,18.0,2.6,942.0,0.6671421294197499
Rocky Coastline,Large Capacitor,2.0,310.0,37.2,5760.0,5.0,60.0,990.0,6.8,3.5,148.0,18.0,512.0,4.3,201.0,0.6659005941561853
Mountains,Basic Explosive,3.0,265.0,31.8,7200.0,4.0,48.0,843.0,5.8,4.1,145.0,17.0,513.0,4.2,174.0,0.6639996737988252
Small Island,Basic Explosive,2.1,265.0,31.8,5040.0,6.0,72.0,867.0,5.7,4.0,138.0,17.0,522.0,4.0,188.0,0.6513446709006748
Tree Forest,ExoGloves,1.3,18.0,2.2,104.0,267.0,3204.0,3258.0,12.2,1.1,88.0,11.0,17.0,2.6,1111.0,0.6506420273403024
Grassland,Large Capacitor,1.0,310.0,37.2,2880.0,10.0,120.0,1050.0,6.8,3.3,139.0,17.0,512.0,4.0,227.0,0.6504589582572928
Geothermal Springs,Artunian Shovel,1.5,335.0,40.2,2250.0,12.0,144.0,1149.0,7.4,3.0,139.0,17.0,508.0,4.0,248.0,0.6495678938758844
Grass Coastline,Large Capacitor,1.1,310.0,37.2,3168.0000000000005,9.0,108.0,1038.0,6.7,3.3,137.0,16.0,520.0,4.0,227.0,0.648066136721899
Mushroom Forest,Advanced TD,2.0,360.0,43.2,320.0,87.0,1044.0,2124.0,11.6,1.6,121.0,15.0,349.0,3.5,527.0,0.6479630520537224
Sandy Coastline,Large Capacitor,1.5,310.0,37.2,4320.0,7.0,84.0,1014.0,6.6,3.4,139.0,17.0,527.0,4.0,219.0,0.6467676465066601
Dunes,Large Capacitor,1.5,310.0,37.2,4320.0,7.0,84.0,1014.0,6.6,3.4,139.0,17.0,527.0,4.0,219.0,0.6467676465066601
Tree Forest,Large Capacitor,1.3,310.0,37.2,3744.0,7.0,84.0,1014.0,6.6,3.4,139.0,17.0,527.0,4.0,219.0,0.6467676465066601
Geothermal Springs,Nanominer,1.5,197.5,23.7,360.0,77.0,924.0,1516.5,7.1,2.3,102.0,12.0,312.0,3.0,446.0,0.6456529700871824
Geothermal Springs,Bananominer,1.5,197.5,23.7,360.0,77.0,924.0,1516.5,7.1,2.3,102.0,12.0,312.0,3.0,446.0,0.6456529700871824
Grass Coastline,Advanced TD,1.1,360.0,43.2,176.0,157.0,1884.0,2964.0,15.0,1.2,119.0,14.0,270.0,3.4,747.0,0.6454376631536801
Plains,Standard Drill,0.7,50.9,6.1,168.0,165.0,1980.0,2132.7,7.6,1.6,76.0,9.0,75.0,2.2,842.0,0.6428907766900944
Icy Mountains,Nanominer,2.0,197.5,23.7,480.0,58.0,696.0,1288.5,6.3,2.7,105.0,13.0,352.0,3.0,368.0,0.6414423415354618
Icy Mountains,Bananominer,2.0,197.5,23.7,480.0,58.0,696.0,1288.5,6.3,2.7,105.0,13.0,352.0,3.0,368.0,0.6414423415354618
Icy Desert,Artunian Shovel,1.7,335.0,40.2,2550.0,11.0,132.0,1137.0,7.1,3.0,133.0,16.0,530.0,3.9,256.0,0.6379066917396066
Dormant Volcano,Large Capacitor,2.5,310.0,37.2,7200.0,4.0,48.0,978.0,6.2,3.5,133.0,16.0,561.0,3.9,221.0,0.6321136335384644
Icy Desert,Bananominer,1.7,197.5,23.7,408.0,68.0,816.0,1408.5,6.6,2.4,98.0,12.0,336.0,2.8,431.0,0.6313941305875048
Icy Desert,Nanominer,1.7,197.5,23.7,408.0,68.0,816.0,1408.5,6.6,2.4,98.0,12.0,336.0,2.8,431.0,0.6313941305875048
Dormant Volcano,Bananominer,2.5,197.5,23.7,600.0,46.0,552.0,1144.5,5.6,3.0,102.0,12.0,396.0,3.0,337.0,0.6313633340251894
Dormant Volcano,Nanominer,2.5,197.5,23.7,600.0,46.0,552.0,1144.5,5.6,3.0,102.0,12.0,396.0,3.0,337.0,0.6313633340251894
Rocky Coastline,Bananominer,2.0,197.5,23.7,480.0,58.0,696.0,1288.5,6.0,2.7,99.0,12.0,370.0,2.9,390.0,0.6295859000674773
Rocky Coastline,Nanominer,2.0,197.5,23.7,480.0,58.0,696.0,1288.5,6.0,2.7,99.0,12.0,370.0,2.9,390.0,0.6295859000674773
Sandy Desert,Large Capacitor,1.2,310.0,37.2,3456.0,8.0,96.0,1026.0,6.3,3.4,132.0,16.0,553.0,3.8,233.0,0.629027897845798
Active Volcano,Gasrigged Extractor,5.0,210.0,25.2,5400.0,5.0,60.0,690.0,4.3,5.0,124.0,15.0,548.0,3.6,167.0,0.6285126189168933
Methane Swampland,Basic Explosive,3.5,265.0,31.8,8400.0,3.0,36.0,831.0,5.2,4.2,131.0,16.0,572.0,3.8,190.0,0.6276193005759773
Sandy Desert,Advanced TD,1.2,360.0,43.2,192.0,144.0,1728.0,2808.0,13.8,1.2,109.0,13.0,293.0,3.2,773.0,0.6274023796262449
Icy Mountains,Artunian Shovel,2.0,335.0,40.2,3000.0,9.0,108.0,1113.0,6.8,3.1,131.0,16.0,553.0,3.8,255.0,0.6268410191181638
Mushroom Forest,Basic Explosive,2.0,265.0,31.8,4800.0,6.0,72.0,867.0,5.3,4.0,127.0,15.0,561.0,3.7,205.0,0.6251326622234971
Active Volcano,Power Saw,5.0,215.0,25.8,3600.0,8.0,96.0,741.0,4.4,4.7,120.0,14.0,549.0,3.5,185.0,0.6221385375257358
Active Volcano,Advanced TD,5.0,360.0,43.2,800.0,35.0,420.0,1500.0,8.3,2.3,121.0,15.0,487.0,3.5,372.0,0.6220944352401472
Grassland,Advanced TD,1.0,360.0,43.2,160.0,173.0,2076.0,3156.0,14.9,1.1,108.0,13.0,271.0,3.1,877.0,0.6193589523958656
Rocky Desert,Large Capacitor,2.0,310.0,37.2,5760.0,5.0,60.0,990.0,6.0,3.5,128.0,15.0,580.0,3.7,232.0,0.6167658144566585
Plains,Large Capacitor,0.7,310.0,37.2,2015.9999999999998,14.0,168.0,1098.0,6.3,3.1,120.0,14.0,553.0,3.5,274.0,0.6120952082689732
Inland River,Nanominer,1.5,197.5,23.7,360.0,77.0,924.0,1516.5,6.2,2.3,88.0,11.0,358.0,2.6,517.0,0.607693735040264
Inland River,Bananominer,1.5,197.5,23.7,360.0,77.0,924.0,1516.5,6.2,2.3,88.0,11.0,358.0,2.6,517.0,0.607693735040264
Mountains,Bananominer,3.0,197.5,23.7,720.0,38.0,456.0,1048.5,4.9,3.3,96.0,12.0,453.0,2.8,328.0,0.6066376842208394
Mountains,Nanominer,3.0,197.5,23.7,720.0,38.0,456.0,1048.5,4.9,3.3,96.0,12.0,453.0,2.8,328.0,0.6066376842208394
Inland River,Artunian Shovel,1.5,335.0,40.2,2250.0,12.0,144.0,1149.0,6.5,3.0,120.0,14.0,579.0,3.5,287.0,0.6030262917580685
Rocky Coastline,Artunian Shovel,2.0,335.0,40.2,3000.0,9.0,108.0,1113.0,6.4,3.1,122.0,15.0,588.0,3.5,274.0,0.6016266140516253
Tree Forest,Artunian Shovel,1.3,335.0,40.2,1950.0,14.0,168.0,1173.0,6.6,2.9,118.0,14.0,570.0,3.4,298.0,0.6003390623358553
Grass Coastline,Artunian Shovel,1.1,335.0,40.2,1650.0000000000002,17.0,204.0,1209.0,6.5,2.9,116.0,14.0,579.0,3.4,313.0,0.5961560844306049
Rocky Desert,Nanominer,2.0,197.5,23.7,480.0,58.0,696.0,1288.5,5.3,2.7,86.0,10.0,418.0,2.5,449.0,0.5922213025790564
Rocky Desert,Bananominer,2.0,197.5,23.7,480.0,58.0,696.0,1288.5,5.3,2.7,86.0,10.0,418.0,2.5,449.0,0.5922213025790564
Sandy Desert,ExoGloves,1.2,18.0,2.2,96.0,289.0,3468.0,3522.0,11.0,1.0,71.0,9.0,18.0,2.1,1488.0,0.5914392041144388
Mountains,Large Capacitor,3.0,310.0,37.2,8640.0,3.0,36.0,966.0,5.5,3.6,120.0,14.0,633.0,3.5,242.0,0.5913479074279575
Grassland,Artunian Shovel,1.0,335.0,40.2,1500.0,19.0,228.0,1233.0,6.4,2.8,110.0,13.0,588.0,3.2,336.0,0.5826064493256952
Tree Forest,Nanominer,1.3,197.5,23.7,312.0,89.0,1068.0,1660.5,6.1,2.1,78.0,9.0,364.0,2.3,639.0,0.5809147394510589
Tree Forest,Bananominer,1.3,197.5,23.7,312.0,89.0,1068.0,1660.5,6.1,2.1,78.0,9.0,364.0,2.3,639.0,0.5809147394510589
Dunes,Bananominer,1.5,197.5,23.7,360.0,77.0,924.0,1516.5,5.7,2.3,80.0,10.0,389.0,2.3,569.0,0.5803954226499711
Sandy Coastline,Bananominer,1.5,197.5,23.7,360.0,77.0,924.0,1516.5,5.7,2.3,80.0,10.0,389.0,2.3,569.0,0.5803954226499711
Sandy Coastline,Nanominer,1.5,197.5,23.7,360.0,77.0,924.0,1516.5,5.7,2.3,80.0,10.0,389.0,2.3,569.0,0.5803954226499711
Dunes,Nanominer,1.5,197.5,23.7,360.0,77.0,924.0,1516.5,5.7,2.3,80.0,10.0,389.0,2.3,569.0,0.5803954226499711
Grass Coastline,ExoGloves,1.1,18.0,2.2,88.0,315.0,3780.0,3834.0,12.0,0.9,71.0,9.0,17.0,2.1,1620.0,0.5786170344405579
Methane Swampland,Bananominer,3.5,197.5,23.7,840.0,33.0,396.0,988.5,4.3,3.5,87.0,10.0,516.0,2.5,341.0,0.5736448252515953
Methane Swampland,Nanominer,3.5,197.5,23.7,840.0,33.0,396.0,988.5,4.3,3.5,87.0,10.0,516.0,2.5,341.0,0.5736448252515953
Sandy Coastline,Artunian Shovel,1.5,335.0,40.2,2250.0,12.0,144.0,1149.0,6.0,3.0,110.0,13.0,627.0,3.2,313.0,0.5732277266468133
Dunes,Artunian Shovel,1.5,335.0,40.2,2250.0,12.0,144.0,1149.0,6.0,3.0,110.0,13.0,627.0,3.2,313.0,0.5732277266468133
Mushroom Forest,Large Capacitor,2.0,310.0,37.2,5760.0,5.0,60.0,990.0,5.3,3.5,111.0,13.0,657.0,3.2,268.0,0.5687278069228837
Dormant Volcano,Artunian Shovel,2.5,335.0,40.2,3750.0,7.0,84.0,1089.0,5.7,3.2,111.0,13.0,660.0,3.2,294.0,0.5652460058053616
Small Island,Bananominer,2.1,197.5,23.7,504.0,55.0,660.0,1252.5,4.7,2.8,77.0,9.0,472.0,2.2,488.0,0.559335874795381
Small Island,Nanominer,2.1,197.5,23.7,504.0,55.0,660.0,1252.5,4.7,2.8,77.0,9.0,472.0,2.2,488.0,0.559335874795381
Rocky Desert,Artunian Shovel,2.0,335.0,40.2,3000.0,9.0,108.0,1113.0,5.7,3.1,107.0,13.0,660.0,3.1,312.0,0.5591710271061283
Sandy Desert,Artunian Shovel,1.2,335.0,40.2,1800.0,15.0,180.0,1185.0,5.9,2.9,104.0,12.0,638.0,3.0,342.0,0.5584834646868824
Grass Coastline,Nanominer,1.1,197.5,23.7,264.0,105.0,1260.0,1852.5,6.0,1.9,70.0,8.0,370.0,2.0,794.0,0.5508554257704026
Grass Coastline,Bananominer,1.1,197.5,23.7,264.0,105.0,1260.0,1852.5,6.0,1.9,70.0,8.0,370.0,2.0,794.0,0.5508554257704026
Mushroom Forest,Nanominer,2.0,197.5,23.7,480.0,58.0,696.0,1288.5,4.6,2.7,73.0,9.0,482.0,2.1,530.0,0.5478841832922137
Mushroom Forest,Bananominer,2.0,197.5,23.7,480.0,58.0,696.0,1288.5,4.6,2.7,73.0,9.0,482.0,2.1,530.0,0.5478841832922137
Small Island,Large Capacitor,2.1,310.0,37.2,6048.0,4.0,48.0,978.0,5.0,3.5,104.0,12.0,696.0,3.0,282.0,0.5470997232670067
Plains,Artunian Shovel,0.7,335.0,40.2,1050.0,26.0,312.0,1317.0,6.0,2.6,95.0,11.0,627.0,2.8,416.0,0.545846300915487
Methane Swampland,Large Capacitor,3.5,310.0,37.2,10080.0,3.0,36.0,966.0,4.8,3.6,102.0,12.0,725.0,3.0,284.0,0.5382269380441465
Sandy Desert,Nanominer,1.2,197.5,23.7,288.0,96.0,1152.0,1744.5,5.5,2.0,66.0,8.0,403.0,1.9,793.0,0.5367987262297176
Sandy Desert,Bananominer,1.2,197.5,23.7,288.0,96.0,1152.0,1744.5,5.5,2.0,66.0,8.0,403.0,1.9,793.0,0.5367987262297176
Plains,Advanced TD,0.7,360.0,43.2,112.0,248.0,2976.0,4056.0,14.2,0.9,84.0,10.0,285.0,2.4,1449.0,0.5283126677904373
Grassland,Bananominer,1.0,197.5,23.7,240.0,116.0,1392.0,1984.5,6.0,1.7,62.0,7.0,370.0,1.8,960.0,0.5257830031631887
Grassland,Nanominer,1.0,197.5,23.7,240.0,116.0,1392.0,1984.5,6.0,1.7,62.0,7.0,370.0,1.8,960.0,0.5257830031631887
Grassland,ExoGloves,1.0,18.0,2.2,80.0,346.0,4152.0,4206.0,11.9,0.8,62.0,7.0,17.0,1.8,2035.0,0.5245074064939519
Mountains,Artunian Shovel,3.0,335.0,40.2,4500.0,6.0,72.0,1077.0,5.1,3.2,97.0,12.0,738.0,2.8,333.0,0.5208963991297904
Mushroom Forest,Artunian Shovel,2.0,335.0,40.2,3000.0,9.0,108.0,1113.0,5.0,3.1,92.0,11.0,752.0,2.7,363.0,0.5094411398012721
Small Island,Artunian Shovel,2.1,335.0,40.2,3150.0,9.0,108.0,1113.0,5.0,3.1,92.0,11.0,752.0,2.7,363.0,0.5094411398012721
Active Volcano,Bananominer,5.0,197.5,23.7,1200.0,23.0,276.0,868.5,3.3,4.0,72.0,9.0,672.0,2.1,362.0,0.5077544730194534
Active Volcano,Nanominer,5.0,197.5,23.7,1200.0,23.0,276.0,868.5,3.3,4.0,72.0,9.0,672.0,2.1,362.0,0.5077544730194534
Active Volcano,Basic Explosive,5.0,265.0,31.8,12000.0,2.0,24.0,819.0,3.8,4.2,90.0,11.0,783.0,2.6,273.0,0.5048295641335012
Methane Swampland,Artunian Shovel,3.5,335.0,40.2,5250.0,6.0,72.0,1077.0,4.8,3.2,91.0,11.0,784.0,2.6,355.0,0.4963793680022132
Active Volcano,Large Capacitor,5.0,310.0,37.2,14400.0,2.0,24.0,954.0,4.2,3.6,87.0,10.0,829.0,2.5,329.0,0.4812185256216581
Plains,Nanominer,0.7,197.5,23.7,168.0,165.0,1980.0,2572.5,5.7,1.3,45.0,5.0,389.0,1.3,1715.0,0.4236217787987925
Plains,Bananominer,0.7,197.5,23.7,168.0,165.0,1980.0,2572.5,5.7,1.3,45.0,5.0,389.0,1.3,1715.0,0.4236217787987925
Active Volcano,Artunian Shovel,5.0,335.0,40.2,7500.0,4.0,48.0,1053.0,3.7,3.3,68.0,8.0,1017.0,2.0,465.0,0.3900397614314115
Plains,ExoGloves,0.7,18.0,2.2,56.0,495.0,5940.0,5994.0,11.3,0.6,44.0,5.0,18.0,1.3,4087.0,0.2988035892323031
